Date,Origin_Port,Destination_Port,Vessel_Class,BDI_Index,VLSFO_Bunker_USD_Per_Ton,Brent_Crude_USD_Per_Bbl,Monsoon_Wave_Height_M,Spot_Freight_Rate_USD_Per_MT
2021-01-01,Newcastle,Paradip,Panamax,1302,512.57,73.17,1.63,21.46
2021-01-02,Newcastle,Paradip,Panamax,1315,511.14,73.47,1.14,21.09
2021-01-03,Newcastle,Paradip,Panamax,1411,535.75,74.34,1.33,22.05
2021-01-04,Newcastle,Paradip,Panamax,1357,522.07,73.68,1.1,21.98
2021-01-05,Newcastle,Paradip,Panamax,1415,513.54,69.9,0.95,22.24
2021-01-06,Newcastle,Paradip,Panamax,1324,529.46,75.39,1.17,21.57
2021-01-07,Newcastle,Paradip,Panamax,1429,520.55,75.16,0.94,21.82
2021-01-08,Newcastle,Paradip,Panamax,1407,531.97,71.5,1.78,22.3
2021-01-09,Newcastle,Paradip,Panamax,1329,518.46,74.8,1.58,21.31
2021-01-10,Newcastle,Paradip,Panamax,1333,544.82,76.66,1.01,21.88
2021-01-11,Newcastle,Paradip,Panamax,1425,542.15,72.53,1.78,22.44
2021-01-12,Newcastle,Paradip,Panamax,1404,534.77,75.06,1.5,22.55
2021-01-13,Newcastle,Paradip,Panamax,1420,524.82,73.95,1.27,22.36
2021-01-14,Newcastle,Paradip,Panamax,1353,541.52,72.14,1.22,22.26
2021-01-15,Newcastle,Paradip,Panamax,1449,525.6,77.35,1.29,22.08
2021-01-16,Newcastle,Paradip,Panamax,1410,538.67,72.44,0.91,21.93
2021-01-17,Newcastle,Paradip,Panamax,1444,540.99,72.02,0.96,22.54
2021-01-18,Newcastle,Paradip,Panamax,1429,545.87,75.96,1.73,22.76
2021-01-19,Newcastle,Paradip,Panamax,1364,544.1,73.47,1.1,21.85
2021-01-20,Newcastle,Paradip,Panamax,1423,536.62,74.1,1.42,21.99
2021-01-21,Newcastle,Paradip,Panamax,1396,539.48,73.84,1.35,22.29
2021-01-22,Newcastle,Paradip,Panamax,1400,550.98,73.89,1.72,22.54
2021-01-23,Newcastle,Paradip,Panamax,1435,548.67,76.7,1.06,22.51
2021-01-24,Newcastle,Paradip,Panamax,1476,564.08,75.65,1.54,22.94
2021-01-25,Newcastle,Paradip,Panamax,1403,548.57,77.03,1.53,22.54
2021-01-26,Newcastle,Paradip,Panamax,1403,538.31,74.48,1.34,22.18
2021-01-27,Newcastle,Paradip,Panamax,1419,566.36,74.38,1.07,22.61
2021-01-28,Newcastle,Paradip,Panamax,1472,568.33,74.71,1.52,23.2
2021-01-29,Newcastle,Paradip,Panamax,1406,561.71,77.49,1.08,22.41
2021-01-30,Newcastle,Paradip,Panamax,1449,549.99,76.07,1.17,23.02
2021-01-31,Newcastle,Paradip,Panamax,1387,553.41,78.01,1.06,22.56
2021-02-01,Newcastle,Paradip,Panamax,1472,558.17,76.32,1.07,23.22
2021-02-02,Newcastle,Paradip,Panamax,1454,548.29,79.73,1.79,22.93
2021-02-03,Newcastle,Paradip,Panamax,1407,552.51,78.83,1.76,22.36
2021-02-04,Newcastle,Paradip,Panamax,1404,568.47,76.08,1.71,22.54
2021-02-05,Newcastle,Paradip,Panamax,1459,558.72,80.15,0.9,22.67
2021-02-06,Newcastle,Paradip,Panamax,1495,552.98,80.43,1.5,22.88
2021-02-07,Newcastle,Paradip,Panamax,1503,563.59,81.46,1.73,23.38
2021-02-08,Newcastle,Paradip,Panamax,1425,570.58,79.9,0.93,23.01
2021-02-09,Newcastle,Paradip,Panamax,1470,561.62,81.14,1.5,22.96
2021-02-10,Newcastle,Paradip,Panamax,1457,570.73,78.51,1.09,22.74
2021-02-11,Newcastle,Paradip,Panamax,1498,563.83,76.57,1.59,23.08
2021-02-12,Newcastle,Paradip,Panamax,1536,582.54,76.39,0.99,23.79
2021-02-13,Newcastle,Paradip,Panamax,1456,561.02,77.36,1.27,22.62
2021-02-14,Newcastle,Paradip,Panamax,1526,578.96,82.02,1.04,23.07
2021-02-15,Newcastle,Paradip,Panamax,1528,581.23,81.67,1.35,23.26
2021-02-16,Newcastle,Paradip,Panamax,1504,560.29,78.18,1.75,22.76
2021-02-17,Newcastle,Paradip,Panamax,1478,579.56,79.71,1.48,22.93
2021-02-18,Newcastle,Paradip,Panamax,1450,577.38,78.01,1.6,22.77
2021-02-19,Newcastle,Paradip,Panamax,1518,581.83,82.65,1.48,23.29
2021-02-20,Newcastle,Paradip,Panamax,1548,587.67,83.12,1.31,23.5
2021-02-21,Newcastle,Paradip,Panamax,1460,564.36,79.29,1.47,22.67
2021-02-22,Newcastle,Paradip,Panamax,1469,582.45,81.55,1.43,23.1
2021-02-23,Newcastle,Paradip,Panamax,1515,593.64,77.76,1.08,23.89
2021-02-24,Newcastle,Paradip,Panamax,1528,572.11,79.17,1.42,23.79
2021-02-25,Newcastle,Paradip,Panamax,1462,585.67,83.61,1.2,22.92
2021-02-26,Newcastle,Paradip,Panamax,1554,591.56,83.76,1.74,23.96
2021-02-27,Newcastle,Paradip,Panamax,1462,571.51,80.32,1.34,23.1
2021-02-28,Newcastle,Paradip,Panamax,1544,573.63,83.23,1.6,23.27
2021-03-01,Newcastle,Paradip,Panamax,1565,570.68,78.28,1.41,23.64
2021-03-02,Newcastle,Paradip,Panamax,1493,576.12,79.65,1.02,23.56
2021-03-03,Newcastle,Paradip,Panamax,1487,589.36,83.88,1.33,23.08
2021-03-04,Newcastle,Paradip,Panamax,1568,601.32,78.98,1.62,24.07
2021-03-05,Newcastle,Paradip,Panamax,1477,594.58,78.77,1.28,23.18
2021-03-06,Newcastle,Paradip,Panamax,1535,601.04,82.65,0.99,23.58
2021-03-07,Newcastle,Paradip,Panamax,1470,576.77,82.43,1.36,23.22
2021-03-08,Newcastle,Paradip,Panamax,1493,581.18,83.19,0.83,22.97
2021-03-09,Newcastle,Paradip,Panamax,1502,589.46,80.58,0.99,23.07
2021-03-10,Newcastle,Paradip,Panamax,1484,585.78,79.79,1.73,23.15
2021-03-11,Newcastle,Paradip,Panamax,1566,599.56,81.45,1.39,23.61
2021-03-12,Newcastle,Paradip,Panamax,1545,585.71,82.11,1.36,23.8
2021-03-13,Newcastle,Paradip,Panamax,1489,587.38,79.95,1.1,23.24
2021-03-14,Newcastle,Paradip,Panamax,1596,585.05,83.32,1.75,23.84
2021-03-15,Newcastle,Paradip,Panamax,1547,596.34,84.88,0.96,23.6
2021-03-16,Newcastle,Paradip,Panamax,1498,588.87,81.0,1.51,23.68
2021-03-17,Newcastle,Paradip,Panamax,1510,579.04,84.79,0.87,23.43
2021-03-18,Newcastle,Paradip,Panamax,1551,599.18,83.69,1.62,23.57
2021-03-19,Newcastle,Paradip,Panamax,1577,583.11,81.42,1.42,23.99
2021-03-20,Newcastle,Paradip,Panamax,1520,608.57,81.97,1.26,23.46
2021-03-21,Newcastle,Paradip,Panamax,1553,601.32,80.6,1.21,23.76
2021-03-22,Newcastle,Paradip,Panamax,1495,581.57,81.33,1.67,23.15
2021-03-23,Newcastle,Paradip,Panamax,1554,608.97,83.63,1.13,24.03
2021-03-24,Newcastle,Paradip,Panamax,1515,586.14,82.17,0.8,23.67
2021-03-25,Newcastle,Paradip,Panamax,1588,581.19,81.07,0.97,23.8
2021-03-26,Newcastle,Paradip,Panamax,1531,599.37,80.3,1.43,23.94
2021-03-27,Newcastle,Paradip,Panamax,1588,591.6,80.66,1.65,24.21
2021-03-28,Newcastle,Paradip,Panamax,1516,585.23,82.22,0.93,23.14
2021-03-29,Newcastle,Paradip,Panamax,1507,590.11,80.05,1.46,23.59
2021-03-30,Newcastle,Paradip,Panamax,1554,583.26,85.31,0.99,24.05
2021-03-31,Newcastle,Paradip,Panamax,1529,605.55,81.73,1.78,23.45
2021-04-01,Newcastle,Paradip,Panamax,1599,594.02,82.45,1.37,24.15
2021-04-02,Newcastle,Paradip,Panamax,1494,592.18,80.95,1.2,23.54
2021-04-03,Newcastle,Paradip,Panamax,1513,594.49,85.44,1.19,23.43
2021-04-04,Newcastle,Paradip,Panamax,1611,609.2,81.79,1.72,24.52
2021-04-05,Newcastle,Paradip,Panamax,1500,599.02,81.56,1.14,23.17
2021-04-06,Newcastle,Paradip,Panamax,1599,606.61,84.01,1.53,24.41
2021-04-07,Newcastle,Paradip,Panamax,1493,581.95,81.01,1.51,23.05
2021-04-08,Newcastle,Paradip,Panamax,1528,597.1,84.96,1.43,23.8
2021-04-09,Newcastle,Paradip,Panamax,1555,610.63,85.05,1.58,24.29
2021-04-10,Newcastle,Paradip,Panamax,1565,601.49,80.39,1.16,24.07
2021-04-11,Newcastle,Paradip,Panamax,1552,591.07,80.32,0.85,23.62
2021-04-12,Newcastle,Paradip,Panamax,1493,608.8,82.78,1.53,23.67
2021-04-13,Newcastle,Paradip,Panamax,1515,587.55,82.87,1.51,23.41
2021-04-14,Newcastle,Paradip,Panamax,1608,592.7,80.1,0.89,24.14
2021-04-15,Newcastle,Paradip,Panamax,1518,609.25,83.64,1.04,23.67
2021-04-16,Newcastle,Paradip,Panamax,1497,587.13,84.24,1.32,23.7
2021-04-17,Newcastle,Paradip,Panamax,1561,591.0,79.57,1.78,23.91
2021-04-18,Newcastle,Paradip,Panamax,1517,583.61,81.43,1.0,23.63
2021-04-19,Newcastle,Paradip,Panamax,1572,595.12,82.25,0.97,23.69
2021-04-20,Newcastle,Paradip,Panamax,1564,588.23,83.07,1.29,24.08
2021-04-21,Newcastle,Paradip,Panamax,1529,594.31,81.5,1.58,23.73
2021-04-22,Newcastle,Paradip,Panamax,1540,602.1,82.95,1.69,24.12
2021-04-23,Newcastle,Paradip,Panamax,1560,581.5,83.84,1.65,23.67
2021-04-24,Newcastle,Paradip,Panamax,1567,603.45,79.57,1.17,24.1
2021-04-25,Newcastle,Paradip,Panamax,1519,578.17,83.99,1.04,23.69
2021-04-26,Newcastle,Paradip,Panamax,1508,582.69,79.51,1.18,23.25
2021-04-27,Newcastle,Paradip,Panamax,1553,583.24,82.5,1.66,23.74
2021-04-28,Newcastle,Paradip,Panamax,1534,599.48,83.49,1.43,24.14
2021-04-29,Newcastle,Paradip,Panamax,1492,585.02,78.78,1.69,23.04
2021-04-30,Newcastle,Paradip,Panamax,1545,599.3,81.65,1.69,23.56
2021-05-01,Newcastle,Paradip,Panamax,1534,598.08,78.4,1.47,23.66
2021-05-02,Newcastle,Paradip,Panamax,1562,590.27,82.06,1.04,23.81
2021-05-03,Newcastle,Paradip,Panamax,1503,596.93,79.54,1.55,23.2
2021-05-04,Newcastle,Paradip,Panamax,1550,591.06,78.28,1.25,23.8
2021-05-05,Newcastle,Paradip,Panamax,1493,593.98,82.94,1.53,23.36
2021-05-06,Newcastle,Paradip,Panamax,1569,577.54,82.4,1.06,23.99
2021-05-07,Newcastle,Paradip,Panamax,1513,570.35,79.59,1.24,23.48
2021-05-08,Newcastle,Paradip,Panamax,1517,575.48,81.57,1.54,23.71
2021-05-09,Newcastle,Paradip,Panamax,1525,584.16,81.56,0.84,23.77
2021-05-10,Newcastle,Paradip,Panamax,1542,586.23,82.62,0.95,23.3
2021-05-11,Newcastle,Paradip,Panamax,1466,581.53,80.13,1.15,23.42
2021-05-12,Newcastle,Paradip,Panamax,1548,589.95,81.13,1.35,23.86
2021-05-13,Newcastle,Paradip,Panamax,1538,575.11,79.78,1.54,23.84
2021-05-14,Newcastle,Paradip,Panamax,1487,580.37,79.96,1.64,22.91
2021-05-15,Newcastle,Paradip,Panamax,1467,592.7,81.13,0.85,22.93
2021-05-16,Newcastle,Paradip,Panamax,1505,587.17,77.59,1.65,23.24
2021-05-17,Newcastle,Paradip,Panamax,1548,587.4,82.39,1.16,23.35
2021-05-18,Newcastle,Paradip,Panamax,1488,567.41,81.48,0.98,22.91
2021-05-19,Newcastle,Paradip,Panamax,1493,572.87,79.27,1.53,23.4
2021-05-20,Newcastle,Paradip,Panamax,1460,572.85,81.21,1.8,23.19
2021-05-21,Newcastle,Paradip,Panamax,1450,560.16,80.18,1.68,22.6
2021-05-22,Newcastle,Paradip,Panamax,1542,576.51,77.03,1.6,23.88
2021-05-23,Newcastle,Paradip,Panamax,1444,567.31,80.65,1.19,23.03
2021-05-24,Newcastle,Paradip,Panamax,1473,561.79,76.81,1.5,22.65
2021-05-25,Newcastle,Paradip,Panamax,1494,561.75,77.23,1.73,23.24
2021-05-26,Newcastle,Paradip,Panamax,1453,564.24,77.68,1.45,22.59
2021-05-27,Newcastle,Paradip,Panamax,1439,571.45,77.35,1.61,22.91
2021-05-28,Newcastle,Paradip,Panamax,1441,577.93,80.71,1.61,22.6
2021-05-29,Newcastle,Paradip,Panamax,1500,571.85,80.59,1.7,23.15
2021-05-30,Newcastle,Paradip,Panamax,1461,560.77,78.96,0.88,22.53
2021-05-31,Newcastle,Paradip,Panamax,1425,573.05,79.68,1.07,22.52
2021-06-01,Newcastle,Paradip,Panamax,1443,569.43,74.45,2.84,22.79
2021-06-02,Newcastle,Paradip,Panamax,1519,548.13,78.7,2.83,23.05
2021-06-03,Newcastle,Paradip,Panamax,1471,559.7,74.0,4.03,22.64
2021-06-04,Newcastle,Paradip,Panamax,1417,562.44,74.17,3.84,22.38
2021-06-05,Newcastle,Paradip,Panamax,1512,561.33,76.45,3.79,23.07
2021-06-06,Newcastle,Paradip,Panamax,1482,566.37,76.69,3.83,23.34
2021-06-07,Newcastle,Paradip,Panamax,1453,547.8,73.55,2.87,22.32
2021-06-08,Newcastle,Paradip,Panamax,1466,540.79,74.96,3.56,22.76
2021-06-09,Newcastle,Paradip,Panamax,1415,560.01,72.89,3.3,22.89
2021-06-10,Newcastle,Paradip,Panamax,1403,566.42,78.28,3.74,22.9
2021-06-11,Newcastle,Paradip,Panamax,1480,549.81,73.75,3.44,22.74
2021-06-12,Newcastle,Paradip,Panamax,1490,539.56,74.99,3.75,23.04
2021-06-13,Newcastle,Paradip,Panamax,1496,536.78,72.96,3.97,22.94
2021-06-14,Newcastle,Paradip,Panamax,1478,542.86,72.09,3.81,22.54
2021-06-15,Newcastle,Paradip,Panamax,1441,538.54,77.25,2.91,22.12
2021-06-16,Newcastle,Paradip,Panamax,1485,549.07,75.81,4.05,22.52
2021-06-17,Newcastle,Paradip,Panamax,1426,541.25,73.9,3.42,22.81
2021-06-18,Newcastle,Paradip,Panamax,1427,553.53,74.1,2.59,22.55
2021-06-19,Newcastle,Paradip,Panamax,1465,543.67,75.47,3.48,22.62
2021-06-20,Newcastle,Paradip,Panamax,1471,536.27,71.44,2.93,22.97
2021-06-21,Newcastle,Paradip,Panamax,1391,525.99,72.35,2.68,21.82
2021-06-22,Newcastle,Paradip,Panamax,1449,552.62,74.82,3.2,22.94
2021-06-23,Newcastle,Paradip,Panamax,1398,547.58,74.93,2.91,21.93
2021-06-24,Newcastle,Paradip,Panamax,1465,541.63,73.14,4.11,22.71
2021-06-25,Newcastle,Paradip,Panamax,1415,535.22,70.65,3.27,22.28
2021-06-26,Newcastle,Paradip,Panamax,1372,541.04,72.43,4.02,22.38
2021-06-27,Newcastle,Paradip,Panamax,1356,545.58,74.94,2.74,21.96
2021-06-28,Newcastle,Paradip,Panamax,1427,526.51,73.55,3.77,21.94
2021-06-29,Newcastle,Paradip,Panamax,1404,541.29,71.7,3.24,22.45
2021-06-30,Newcastle,Paradip,Panamax,1365,528.41,71.47,2.69,22.18
2021-07-01,Newcastle,Paradip,Panamax,1423,515.73,74.16,3.29,22.26
2021-07-02,Newcastle,Paradip,Panamax,1408,513.47,73.65,3.41,21.74
2021-07-03,Newcastle,Paradip,Panamax,1378,511.31,73.88,3.78,21.65
2021-07-04,Newcastle,Paradip,Panamax,1353,522.55,69.35,2.56,21.71
2021-07-05,Newcastle,Paradip,Panamax,1381,518.1,70.45,4.15,21.52
2021-07-06,Newcastle,Paradip,Panamax,1405,526.62,71.29,2.62,22.21
2021-07-07,Newcastle,Paradip,Panamax,1420,518.48,72.73,3.27,22.26
2021-07-08,Newcastle,Paradip,Panamax,1362,516.73,70.59,2.96,21.71
2021-07-09,Newcastle,Paradip,Panamax,1314,525.98,68.49,3.15,21.87
2021-07-10,Newcastle,Paradip,Panamax,1337,510.92,68.46,3.23,21.85
2021-07-11,Newcastle,Paradip,Panamax,1375,509.92,68.31,3.92,21.59
2021-07-12,Newcastle,Paradip,Panamax,1389,517.58,72.34,3.34,21.88
2021-07-13,Newcastle,Paradip,Panamax,1407,511.61,68.4,3.17,22.07
2021-07-14,Newcastle,Paradip,Panamax,1345,500.93,68.08,2.87,21.32
2021-07-15,Newcastle,Paradip,Panamax,1367,519.02,68.5,2.63,21.4
2021-07-16,Newcastle,Paradip,Panamax,1318,506.08,69.41,2.56,21.61
2021-07-17,Newcastle,Paradip,Panamax,1371,515.29,67.98,3.31,21.55
2021-07-18,Newcastle,Paradip,Panamax,1363,503.8,67.87,2.53,21.91
2021-07-19,Newcastle,Paradip,Panamax,1308,517.13,70.24,2.61,21.65
2021-07-20,Newcastle,Paradip,Panamax,1367,515.33,67.46,2.86,22.1
2021-07-21,Newcastle,Paradip,Panamax,1353,504.53,65.46,3.33,21.56
2021-07-22,Newcastle,Paradip,Panamax,1308,511.48,69.44,3.84,21.05
2021-07-23,Newcastle,Paradip,Panamax,1276,504.03,69.06,4.11,20.91
2021-07-24,Newcastle,Paradip,Panamax,1313,488.29,66.98,3.29,20.74
2021-07-25,Newcastle,Paradip,Panamax,1381,502.34,68.95,4.08,22.05
2021-07-26,Newcastle,Paradip,Panamax,1292,488.37,67.62,3.21,20.59
2021-07-27,Newcastle,Paradip,Panamax,1327,501.47,68.68,4.14,21.36
2021-07-28,Newcastle,Paradip,Panamax,1369,491.79,67.31,3.79,21.64
2021-07-29,Newcastle,Paradip,Panamax,1329,493.17,64.48,3.52,21.2
2021-07-30,Newcastle,Paradip,Panamax,1352,506.43,67.4,4.05,21.21
2021-07-31,Newcastle,Paradip,Panamax,1306,479.4,67.81,3.63,21.06
2021-08-01,Newcastle,Paradip,Panamax,1355,485.11,67.09,4.11,21.49
2021-08-02,Newcastle,Paradip,Panamax,1266,489.86,65.22,2.83,21.0
2021-08-03,Newcastle,Paradip,Panamax,1347,502.28,66.38,2.9,21.65
2021-08-04,Newcastle,Paradip,Panamax,1312,474.97,64.26,3.6,20.59
2021-08-05,Newcastle,Paradip,Panamax,1302,493.22,63.65,3.43,21.35
2021-08-06,Newcastle,Paradip,Panamax,1275,486.65,68.25,2.66,20.87
2021-08-07,Newcastle,Paradip,Panamax,1266,488.13,68.25,4.18,20.62
2021-08-08,Newcastle,Paradip,Panamax,1231,483.89,64.8,2.89,20.25
2021-08-09,Newcastle,Paradip,Panamax,1236,469.91,63.64,2.87,20.44
2021-08-10,Newcastle,Paradip,Panamax,1332,473.56,62.18,4.19,20.74
2021-08-11,Newcastle,Paradip,Panamax,1246,483.46,63.82,3.25,20.64
2021-08-12,Newcastle,Paradip,Panamax,1255,491.37,67.03,3.09,21.18
2021-08-13,Newcastle,Paradip,Panamax,1304,467.41,65.32,3.03,20.66
2021-08-14,Newcastle,Paradip,Panamax,1282,475.67,65.25,4.05,20.67
2021-08-15,Newcastle,Paradip,Panamax,1247,467.64,67.15,3.16,20.12
2021-08-16,Newcastle,Paradip,Panamax,1250,472.88,63.17,2.55,20.9
2021-08-17,Newcastle,Paradip,Panamax,1228,469.74,66.87,2.97,20.43
2021-08-18,Newcastle,Paradip,Panamax,1213,466.57,66.82,4.1,20.0
2021-08-19,Newcastle,Paradip,Panamax,1215,477.03,63.5,2.95,20.18
2021-08-20,Newcastle,Paradip,Panamax,1306,462.81,63.79,2.77,20.44
2021-08-21,Newcastle,Paradip,Panamax,1207,460.79,61.39,2.97,20.14
2021-08-22,Newcastle,Paradip,Panamax,1282,486.09,62.14,2.66,21.16
2021-08-23,Newcastle,Paradip,Panamax,1320,483.26,64.99,3.26,20.93
2021-08-24,Newcastle,Paradip,Panamax,1226,457.77,62.87,3.63,20.01
2021-08-25,Newcastle,Paradip,Panamax,1254,462.55,60.78,4.0,20.22
2021-08-26,Newcastle,Paradip,Panamax,1271,464.96,61.71,3.8,20.84
2021-08-27,Newcastle,Paradip,Panamax,1264,460.66,60.24,3.09,20.3
2021-08-28,Newcastle,Paradip,Panamax,1257,476.79,59.97,2.54,20.89
2021-08-29,Newcastle,Paradip,Panamax,1289,457.95,61.62,3.13,20.53
2021-08-30,Newcastle,Paradip,Panamax,1214,457.62,65.25,2.52,20.3
2021-08-31,Newcastle,Paradip,Panamax,1243,460.84,61.74,4.08,20.31
2021-09-01,Newcastle,Paradip,Panamax,1302,476.41,63.73,2.59,21.07
2021-09-02,Newcastle,Paradip,Panamax,1264,478.42,60.86,2.57,20.5
2021-09-03,Newcastle,Paradip,Panamax,1247,474.64,64.57,2.67,20.35
2021-09-04,Newcastle,Paradip,Panamax,1280,465.11,64.8,4.12,20.78
2021-09-05,Newcastle,Paradip,Panamax,1188,459.73,60.82,3.5,19.71
2021-09-06,Newcastle,Paradip,Panamax,1253,465.33,63.6,3.48,20.19
2021-09-07,Newcastle,Paradip,Panamax,1199,470.47,59.68,3.82,20.05
2021-09-08,Newcastle,Paradip,Panamax,1242,465.18,60.14,3.9,20.75
2021-09-09,Newcastle,Paradip,Panamax,1265,461.19,61.34,3.91,20.85
2021-09-10,Newcastle,Paradip,Panamax,1245,469.33,60.03,2.99,20.12
2021-09-11,Newcastle,Paradip,Panamax,1206,452.84,58.95,3.96,19.74
2021-09-12,Newcastle,Paradip,Panamax,1182,461.15,59.12,3.02,19.62
2021-09-13,Newcastle,Paradip,Panamax,1188,449.28,63.12,3.81,19.87
2021-09-14,Newcastle,Paradip,Panamax,1248,449.35,61.18,3.74,20.09
2021-09-15,Newcastle,Paradip,Panamax,1265,471.59,59.79,3.01,20.52
2021-09-16,Newcastle,Paradip,Panamax,1287,458.85,62.09,3.57,20.7
2021-09-17,Newcastle,Paradip,Panamax,1244,456.84,60.31,2.84,20.42
2021-09-18,Newcastle,Paradip,Panamax,1256,470.61,62.69,3.6,20.21
2021-09-19,Newcastle,Paradip,Panamax,1254,451.05,58.82,2.79,20.18
2021-09-20,Newcastle,Paradip,Panamax,1279,460.02,62.41,3.01,20.41
2021-09-21,Newcastle,Paradip,Panamax,1239,473.89,60.74,3.55,20.16
2021-09-22,Newcastle,Paradip,Panamax,1228,454.35,63.03,2.84,20.42
2021-09-23,Newcastle,Paradip,Panamax,1193,453.79,60.5,3.1,19.66
2021-09-24,Newcastle,Paradip,Panamax,1195,450.27,61.31,3.66,19.83
2021-09-25,Newcastle,Paradip,Panamax,1289,446.5,60.07,2.57,20.22
2021-09-26,Newcastle,Paradip,Panamax,1218,469.61,58.78,2.87,20.23
2021-09-27,Newcastle,Paradip,Panamax,1241,471.67,62.9,3.96,20.63
2021-09-28,Newcastle,Paradip,Panamax,1204,467.17,62.31,3.81,20.05
2021-09-29,Newcastle,Paradip,Panamax,1216,473.77,60.86,3.99,20.42
2021-09-30,Newcastle,Paradip,Panamax,1207,466.28,61.51,2.71,20.43
2021-10-01,Newcastle,Paradip,Panamax,1273,465.98,60.67,1.71,20.63
2021-10-02,Newcastle,Paradip,Panamax,1246,459.14,60.4,1.3,20.56
2021-10-03,Newcastle,Paradip,Panamax,1201,470.77,63.87,1.01,20.61
2021-10-04,Newcastle,Paradip,Panamax,1206,463.9,63.65,0.93,20.25
2021-10-05,Newcastle,Paradip,Panamax,1283,469.28,60.01,1.44,20.39
2021-10-06,Newcastle,Paradip,Panamax,1299,472.83,59.73,0.93,20.47
2021-10-07,Newcastle,Paradip,Panamax,1286,448.62,60.11,1.22,20.48
2021-10-08,Newcastle,Paradip,Panamax,1217,477.77,60.63,1.64,20.29
2021-10-09,Newcastle,Paradip,Panamax,1292,465.67,61.45,1.18,20.86
2021-10-10,Newcastle,Paradip,Panamax,1197,452.6,62.43,1.15,19.64
2021-10-11,Newcastle,Paradip,Panamax,1305,459.85,61.71,0.95,20.88
2021-10-12,Newcastle,Paradip,Panamax,1223,455.44,64.34,1.4,19.82
2021-10-13,Newcastle,Paradip,Panamax,1296,475.89,62.56,1.25,21.09
2021-10-14,Newcastle,Paradip,Panamax,1231,473.62,59.43,0.98,20.13
2021-10-15,Newcastle,Paradip,Panamax,1231,474.21,58.81,1.49,20.52
2021-10-16,Newcastle,Paradip,Panamax,1275,466.42,61.96,1.39,20.55
2021-10-17,Newcastle,Paradip,Panamax,1289,478.31,63.72,1.3,20.69
2021-10-18,Newcastle,Paradip,Panamax,1217,473.77,59.35,1.44,20.27
2021-10-19,Newcastle,Paradip,Panamax,1279,454.28,62.81,1.02,20.1
2021-10-20,Newcastle,Paradip,Panamax,1214,471.18,61.93,0.81,20.56
2021-10-21,Newcastle,Paradip,Panamax,1228,482.91,62.55,1.62,20.71
2021-10-22,Newcastle,Paradip,Panamax,1290,480.02,62.92,1.03,20.98
2021-10-23,Newcastle,Paradip,Panamax,1243,475.69,61.37,1.14,20.21
2021-10-24,Newcastle,Paradip,Panamax,1289,474.99,61.16,1.06,21.15
2021-10-25,Newcastle,Paradip,Panamax,1276,465.4,63.27,1.34,20.89
2021-10-26,Newcastle,Paradip,Panamax,1317,472.35,65.05,1.05,21.24
2021-10-27,Newcastle,Paradip,Panamax,1216,480.91,60.68,1.72,20.46
2021-10-28,Newcastle,Paradip,Panamax,1226,471.73,63.92,1.32,20.65
2021-10-29,Newcastle,Paradip,Panamax,1283,470.4,64.11,1.29,20.52
2021-10-30,Newcastle,Paradip,Panamax,1226,470.12,63.99,1.29,20.64
2021-10-31,Newcastle,Paradip,Panamax,1237,469.39,60.7,0.91,20.59
2021-11-01,Newcastle,Paradip,Panamax,1231,470.12,60.1,1.58,20.07
2021-11-02,Newcastle,Paradip,Panamax,1318,482.78,64.95,1.66,21.29
2021-11-03,Newcastle,Paradip,Panamax,1227,488.18,66.13,1.4,20.8
2021-11-04,Newcastle,Paradip,Panamax,1285,488.15,65.64,1.15,20.8
2021-11-05,Newcastle,Paradip,Panamax,1299,472.17,63.74,1.1,21.07
2021-11-06,Newcastle,Paradip,Panamax,1303,478.07,62.95,1.33,20.89
2021-11-07,Newcastle,Paradip,Panamax,1315,474.48,66.34,1.33,20.83
2021-11-08,Newcastle,Paradip,Panamax,1258,479.45,63.8,1.01,20.52
2021-11-09,Newcastle,Paradip,Panamax,1250,496.46,61.41,0.96,21.16
2021-11-10,Newcastle,Paradip,Panamax,1319,480.33,61.54,1.05,20.97
2021-11-11,Newcastle,Paradip,Panamax,1351,471.03,63.37,0.8,20.74
2021-11-12,Newcastle,Paradip,Panamax,1253,475.31,62.5,1.21,20.43
2021-11-13,Newcastle,Paradip,Panamax,1268,474.72,67.27,1.2,20.29
2021-11-14,Newcastle,Paradip,Panamax,1255,482.35,63.46,0.81,20.28
2021-11-15,Newcastle,Paradip,Panamax,1294,488.94,64.79,0.88,21.1
2021-11-16,Newcastle,Paradip,Panamax,1263,486.22,67.48,1.48,20.8
2021-11-17,Newcastle,Paradip,Panamax,1367,476.05,62.42,1.41,21.6
2021-11-18,Newcastle,Paradip,Panamax,1289,479.75,62.38,0.89,20.47
2021-11-19,Newcastle,Paradip,Panamax,1340,499.69,66.8,1.72,21.63
2021-11-20,Newcastle,Paradip,Panamax,1350,494.68,68.46,1.24,21.02
2021-11-21,Newcastle,Paradip,Panamax,1383,488.86,62.87,0.96,21.56
2021-11-22,Newcastle,Paradip,Panamax,1281,501.07,63.97,1.37,21.07
2021-11-23,Newcastle,Paradip,Panamax,1289,487.02,64.84,1.25,20.59
2021-11-24,Newcastle,Paradip,Panamax,1329,504.42,66.29,1.33,21.62
2021-11-25,Newcastle,Paradip,Panamax,1324,495.12,68.63,1.34,21.37
2021-11-26,Newcastle,Paradip,Panamax,1384,484.82,68.49,0.99,21.53
2021-11-27,Newcastle,Paradip,Panamax,1348,494.71,68.97,1.68,21.42
2021-11-28,Newcastle,Paradip,Panamax,1319,499.21,69.1,1.02,21.2
2021-11-29,Newcastle,Paradip,Panamax,1395,507.93,67.63,0.86,21.91
2021-11-30,Newcastle,Paradip,Panamax,1348,496.19,70.01,1.23,21.2
2021-12-01,Newcastle,Paradip,Panamax,1404,510.41,66.64,1.2,22.29
2021-12-02,Newcastle,Paradip,Panamax,1405,515.05,67.18,1.66,22.29
2021-12-03,Newcastle,Paradip,Panamax,1319,494.79,66.07,1.11,21.44
2021-12-04,Newcastle,Paradip,Panamax,1387,495.02,69.28,1.12,21.65
2021-12-05,Newcastle,Paradip,Panamax,1362,496.52,69.43,1.68,21.21
2021-12-06,Newcastle,Paradip,Panamax,1401,523.19,65.38,1.5,21.85
2021-12-07,Newcastle,Paradip,Panamax,1370,512.03,70.47,0.85,21.42
2021-12-08,Newcastle,Paradip,Panamax,1326,502.93,70.79,1.48,21.4
2021-12-09,Newcastle,Paradip,Panamax,1373,526.27,69.08,1.76,21.53
2021-12-10,Newcastle,Paradip,Panamax,1333,527.82,70.91,1.66,21.58
2021-12-11,Newcastle,Paradip,Panamax,1348,529.6,67.28,1.76,22.15
2021-12-12,Newcastle,Paradip,Panamax,1389,523.99,66.57,1.46,21.63
2021-12-13,Newcastle,Paradip,Panamax,1360,511.82,68.73,1.36,21.71
2021-12-14,Newcastle,Paradip,Panamax,1382,519.06,66.7,1.25,22.09
2021-12-15,Newcastle,Paradip,Panamax,1387,520.67,69.74,1.43,22.26
2021-12-16,Newcastle,Paradip,Panamax,1367,533.44,68.94,1.68,21.8
2021-12-17,Newcastle,Paradip,Panamax,1365,525.2,68.4,1.39,21.72
2021-12-18,Newcastle,Paradip,Panamax,1409,527.54,67.38,0.86,22.49
2021-12-19,Newcastle,Paradip,Panamax,1447,533.72,69.82,0.88,22.59
2021-12-20,Newcastle,Paradip,Panamax,1457,535.51,68.67,1.04,22.56
2021-12-21,Newcastle,Paradip,Panamax,1383,532.31,70.85,1.44,21.74
2021-12-22,Newcastle,Paradip,Panamax,1437,541.52,73.28,1.54,22.71
2021-12-23,Newcastle,Paradip,Panamax,1424,539.74,71.21,1.32,22.61
2021-12-24,Newcastle,Paradip,Panamax,1411,538.3,69.62,1.52,22.68
2021-12-25,Newcastle,Paradip,Panamax,1405,543.47,69.91,1.04,21.99
2021-12-26,Newcastle,Paradip,Panamax,1434,524.31,71.29,1.7,22.45
2021-12-27,Newcastle,Paradip,Panamax,1426,550.36,72.75,0.8,22.16
2021-12-28,Newcastle,Paradip,Panamax,1393,529.68,70.65,1.14,21.72
2021-12-29,Newcastle,Paradip,Panamax,1410,534.12,73.03,1.67,22.19
2021-12-30,Newcastle,Paradip,Panamax,1413,554.23,75.19,1.32,22.63
2021-12-31,Newcastle,Paradip,Panamax,1394,541.13,71.17,1.15,21.89
2022-01-01,Newcastle,Paradip,Panamax,1453,537.23,71.71,1.0,22.48
2022-01-02,Newcastle,Paradip,Panamax,1466,545.1,71.67,1.1,22.69
2022-01-03,Newcastle,Paradip,Panamax,1484,539.79,74.96,1.16,22.35
2022-01-04,Newcastle,Paradip,Panamax,1475,539.1,74.7,1.32,23.01
2022-01-05,Newcastle,Paradip,Panamax,1417,539.83,75.7,0.86,22.54
2022-01-06,Newcastle,Paradip,Panamax,1509,565.02,73.05,1.27,22.96
2022-01-07,Newcastle,Paradip,Panamax,1462,543.15,73.6,1.53,23.02
2022-01-08,Newcastle,Paradip,Panamax,1477,556.51,75.92,1.35,22.95
2022-01-09,Newcastle,Paradip,Panamax,1431,560.03,72.63,1.55,22.9
2022-01-10,Newcastle,Paradip,Panamax,1456,554.08,72.29,1.07,22.97
2022-01-11,Newcastle,Paradip,Panamax,1534,550.04,73.59,1.23,23.33
2022-01-12,Newcastle,Paradip,Panamax,1524,564.63,74.96,0.84,23.15
2022-01-13,Newcastle,Paradip,Panamax,1520,546.78,75.4,1.6,23.19
2022-01-14,Newcastle,Paradip,Panamax,1523,550.52,78.2,0.99,23.13
2022-01-15,Newcastle,Paradip,Panamax,1536,564.46,74.59,1.61,23.71
2022-01-16,Newcastle,Paradip,Panamax,1496,570.03,75.98,1.54,23.26
2022-01-17,Newcastle,Paradip,Panamax,1569,560.88,75.62,1.59,23.61
2022-01-18,Newcastle,Paradip,Panamax,1542,572.34,73.17,1.46,23.49
2022-01-19,Newcastle,Paradip,Panamax,1537,579.74,73.33,1.78,23.83
2022-01-20,Newcastle,Paradip,Panamax,1482,575.67,77.93,1.26,22.84
2022-01-21,Newcastle,Paradip,Panamax,1518,555.47,74.97,1.68,23.18
2022-01-22,Newcastle,Paradip,Panamax,1546,579.12,74.15,1.63,23.5
2022-01-23,Newcastle,Paradip,Panamax,1588,565.42,79.04,0.86,23.37
2022-01-24,Newcastle,Paradip,Panamax,1548,588.19,74.99,1.68,23.59
2022-01-25,Newcastle,Paradip,Panamax,1582,570.79,77.56,1.55,23.59
2022-01-26,Newcastle,Paradip,Panamax,1504,571.72,78.45,1.36,23.49
2022-01-27,Newcastle,Paradip,Panamax,1528,586.14,78.96,0.83,23.82
2022-01-28,Newcastle,Paradip,Panamax,1560,590.39,78.81,1.61,23.99
2022-01-29,Newcastle,Paradip,Panamax,1579,572.3,78.14,1.32,23.92
2022-01-30,Newcastle,Paradip,Panamax,1504,593.95,77.39,0.96,23.13
2022-01-31,Newcastle,Paradip,Panamax,1494,587.28,80.84,1.46,23.52
2022-02-01,Newcastle,Paradip,Panamax,1588,570.4,78.95,1.47,23.35
2022-02-02,Newcastle,Paradip,Panamax,1552,587.08,77.72,1.01,23.4
2022-02-03,Newcastle,Paradip,Panamax,1578,583.01,77.53,1.36,24.17
2022-02-04,Newcastle,Paradip,Panamax,1509,584.36,78.8,0.91,23.05
2022-02-05,Newcastle,Paradip,Panamax,1548,579.55,81.89,1.17,23.24
2022-02-06,Newcastle,Paradip,Panamax,1517,575.75,80.2,1.36,23.19
2022-02-07,Newcastle,Paradip,Panamax,1589,596.58,79.8,1.06,24.44
2022-02-08,Newcastle,Paradip,Panamax,1608,597.47,76.55,1.34,24.52
2022-02-09,Newcastle,Paradip,Panamax,1557,584.72,80.01,1.1,23.76
2022-02-10,Newcastle,Paradip,Panamax,1592,586.72,82.59,1.24,23.92
2022-02-11,Newcastle,Paradip,Panamax,1569,578.51,82.7,1.46,23.45
2022-02-12,Newcastle,Paradip,Panamax,1588,578.77,81.88,1.09,24.09
2022-02-13,Newcastle,Paradip,Panamax,1560,586.58,81.09,1.73,23.86
2022-02-14,Newcastle,Paradip,Panamax,1615,592.58,79.75,1.3,24.09
2022-02-15,Newcastle,Paradip,Panamax,1631,597.07,81.83,1.49,24.68
2022-02-16,Newcastle,Paradip,Panamax,1627,583.03,79.35,1.77,24.51
2022-02-17,Newcastle,Paradip,Panamax,1653,588.14,83.33,1.1,23.97
2022-02-18,Newcastle,Paradip,Panamax,1567,606.41,78.4,1.58,24.41
2022-02-19,Newcastle,Paradip,Panamax,1635,597.63,78.72,1.79,24.0
2022-02-20,Newcastle,Paradip,Panamax,1565,587.39,80.91,1.3,23.67
2022-02-21,Newcastle,Paradip,Panamax,1634,599.38,81.19,0.97,24.2
2022-02-22,Newcastle,Paradip,Panamax,1652,611.27,83.93,1.78,24.28
2022-02-23,Newcastle,Paradip,Panamax,1564,615.28,81.93,1.52,24.37
2022-02-24,Newcastle,Paradip,Panamax,1609,592.08,82.87,1.79,24.36
2022-02-25,Newcastle,Paradip,Panamax,1666,601.98,81.71,1.67,24.42
2022-02-26,Newcastle,Paradip,Panamax,1615,600.79,83.97,1.41,24.58
2022-02-27,Newcastle,Paradip,Panamax,1591,606.57,81.56,1.23,24.08
2022-02-28,Newcastle,Paradip,Panamax,1621,593.84,83.04,0.81,24.3
2022-03-01,Newcastle,Paradip,Panamax,1610,619.51,81.13,1.26,24.15
2022-03-02,Newcastle,Paradip,Panamax,1629,616.33,83.8,0.85,24.23
2022-03-03,Newcastle,Paradip,Panamax,1613,617.02,83.74,1.64,24.1
2022-03-04,Newcastle,Paradip,Panamax,1611,616.93,82.35,1.64,24.42
2022-03-05,Newcastle,Paradip,Panamax,1571,598.53,83.4,1.55,24.02
2022-03-06,Newcastle,Paradip,Panamax,1624,621.24,84.67,0.94,24.44
2022-03-07,Newcastle,Paradip,Panamax,1654,604.77,80.08,1.42,24.39
2022-03-08,Newcastle,Paradip,Panamax,1655,605.75,79.79,1.62,24.87
2022-03-09,Newcastle,Paradip,Panamax,1577,624.23,84.24,1.11,24.55
2022-03-10,Newcastle,Paradip,Panamax,1669,604.27,84.75,1.63,24.84
2022-03-11,Newcastle,Paradip,Panamax,1629,619.91,82.78,1.38,24.62
2022-03-12,Newcastle,Paradip,Panamax,1677,596.77,80.82,1.22,24.6
2022-03-13,Newcastle,Paradip,Panamax,1672,606.16,83.83,1.44,24.9
2022-03-14,Newcastle,Paradip,Panamax,1634,609.37,80.45,0.96,24.85
2022-03-15,Newcastle,Paradip,Panamax,1655,614.7,81.67,1.23,24.66
2022-03-16,Newcastle,Paradip,Panamax,1592,606.59,80.74,0.87,24.38
2022-03-17,Newcastle,Paradip,Panamax,1607,607.55,82.13,0.99,24.02
2022-03-18,Newcastle,Paradip,Panamax,1580,622.86,82.23,1.61,24.47
2022-03-19,Newcastle,Paradip,Panamax,1696,601.86,80.94,0.86,24.59
2022-03-20,Newcastle,Paradip,Panamax,1592,613.61,81.37,0.97,23.9
2022-03-21,Newcastle,Paradip,Panamax,1695,614.02,83.32,1.1,24.59
2022-03-22,Newcastle,Paradip,Panamax,1640,610.97,82.28,1.43,24.21
2022-03-23,Newcastle,Paradip,Panamax,1613,624.5,81.08,1.59,24.69
2022-03-24,Newcastle,Paradip,Panamax,1683,608.57,85.5,1.52,24.45
2022-03-25,Newcastle,Paradip,Panamax,1696,607.72,82.54,0.86,24.77
2022-03-26,Newcastle,Paradip,Panamax,1586,620.71,82.15,1.2,23.98
2022-03-27,Newcastle,Paradip,Panamax,1617,626.44,80.97,1.68,24.69
2022-03-28,Newcastle,Paradip,Panamax,1634,607.42,83.1,1.08,24.24
2022-03-29,Newcastle,Paradip,Panamax,1665,628.43,84.09,1.01,24.59
2022-03-30,Newcastle,Paradip,Panamax,1610,624.21,82.49,1.28,24.57
2022-03-31,Newcastle,Paradip,Panamax,1666,609.81,80.14,1.49,24.47
2022-04-01,Newcastle,Paradip,Panamax,1594,613.9,82.13,1.47,23.94
2022-04-02,Newcastle,Paradip,Panamax,1682,616.92,85.56,1.39,24.48
2022-04-03,Newcastle,Paradip,Panamax,1649,620.87,84.7,1.69,24.77
2022-04-04,Newcastle,Paradip,Panamax,1642,604.99,85.13,0.95,24.7
2022-04-05,Newcastle,Paradip,Panamax,1648,600.52,82.94,0.96,24.18
2022-04-06,Newcastle,Paradip,Panamax,1627,628.54,85.32,1.52,24.61
2022-04-07,Newcastle,Paradip,Panamax,1602,611.56,80.4,0.89,24.14
2022-04-08,Newcastle,Paradip,Panamax,1696,617.63,84.13,1.45,25.15
2022-04-09,Newcastle,Paradip,Panamax,1586,606.17,79.9,1.78,24.51
2022-04-10,Newcastle,Paradip,Panamax,1587,625.67,84.94,0.91,24.79
2022-04-11,Newcastle,Paradip,Panamax,1592,604.11,84.38,0.9,24.18
2022-04-12,Newcastle,Paradip,Panamax,1611,605.85,79.9,0.8,24.3
2022-04-13,Newcastle,Paradip,Panamax,1637,618.18,83.84,0.94,24.29
2022-04-14,Newcastle,Paradip,Panamax,1592,616.3,81.51,1.64,24.31
2022-04-15,Newcastle,Paradip,Panamax,1661,619.19,80.5,1.77,24.7
2022-04-16,Newcastle,Paradip,Panamax,1649,602.75,81.54,1.4,24.38
2022-04-17,Newcastle,Paradip,Panamax,1615,624.2,83.97,0.93,24.17
2022-04-18,Newcastle,Paradip,Panamax,1602,619.23,79.82,1.68,24.74
2022-04-19,Newcastle,Paradip,Panamax,1686,615.17,84.33,1.27,24.48
2022-04-20,Newcastle,Paradip,Panamax,1663,618.98,81.07,1.47,25.09
2022-04-21,Newcastle,Paradip,Panamax,1647,613.08,80.55,1.31,24.77
2022-04-22,Newcastle,Paradip,Panamax,1636,608.62,82.33,1.32,24.64
2022-04-23,Newcastle,Paradip,Panamax,1685,622.97,81.95,0.89,24.58
2022-04-24,Newcastle,Paradip,Panamax,1624,595.15,84.31,0.84,23.89
2022-04-25,Newcastle,Paradip,Panamax,1683,610.9,83.32,1.56,24.51
2022-04-26,Newcastle,Paradip,Panamax,1680,614.25,83.52,1.13,24.8
2022-04-27,Newcastle,Paradip,Panamax,1659,617.52,79.46,1.3,24.51
2022-04-28,Newcastle,Paradip,Panamax,1649,604.17,80.54,1.56,24.33
2022-04-29,Newcastle,Paradip,Panamax,1676,597.79,80.51,1.7,24.61
2022-04-30,Newcastle,Paradip,Panamax,1626,608.45,82.42,1.77,24.51
2022-05-01,Newcastle,Paradip,Panamax,1602,611.25,80.52,1.78,24.56
2022-05-02,Newcastle,Paradip,Panamax,1563,597.96,80.09,1.01,24.27
2022-05-03,Newcastle,Paradip,Panamax,1609,605.77,81.68,1.45,24.19
2022-05-04,Newcastle,Paradip,Panamax,1638,614.17,78.33,1.35,24.6
2022-05-05,Newcastle,Paradip,Panamax,1555,612.53,81.29,1.14,23.98
2022-05-06,Newcastle,Paradip,Panamax,1572,586.17,78.93,0.89,23.84
2022-05-07,Newcastle,Paradip,Panamax,1610,606.74,79.35,1.78,24.36
2022-05-08,Newcastle,Paradip,Panamax,1563,595.97,80.21,1.47,24.13
2022-05-09,Newcastle,Paradip,Panamax,1626,596.43,81.2,0.88,24.06
2022-05-10,Newcastle,Paradip,Panamax,1599,609.68,82.38,1.64,24.41
2022-05-11,Newcastle,Paradip,Panamax,1629,589.93,79.15,1.73,24.14
2022-05-12,Newcastle,Paradip,Panamax,1549,601.79,79.74,1.67,23.69
2022-05-13,Newcastle,Paradip,Panamax,1544,585.33,77.19,1.17,23.33
2022-05-14,Newcastle,Paradip,Panamax,1569,584.14,76.8,1.43,24.09
2022-05-15,Newcastle,Paradip,Panamax,1550,579.53,81.44,1.68,23.32
2022-05-16,Newcastle,Paradip,Panamax,1606,591.42,79.54,1.29,24.34
2022-05-17,Newcastle,Paradip,Panamax,1634,576.69,81.55,1.33,23.98
2022-05-18,Newcastle,Paradip,Panamax,1588,589.28,81.3,1.5,23.77
2022-05-19,Newcastle,Paradip,Panamax,1630,594.43,78.63,1.41,24.12
2022-05-20,Newcastle,Paradip,Panamax,1607,578.15,80.3,1.43,24.2
2022-05-21,Newcastle,Paradip,Panamax,1551,584.14,78.27,0.85,23.72
2022-05-22,Newcastle,Paradip,Panamax,1602,598.49,77.79,1.35,24.29
2022-05-23,Newcastle,Paradip,Panamax,1566,591.68,75.82,1.52,23.82
2022-05-24,Newcastle,Paradip,Panamax,1585,568.64,79.68,0.95,23.36
2022-05-25,Newcastle,Paradip,Panamax,1525,592.69,74.64,1.33,23.52
2022-05-26,Newcastle,Paradip,Panamax,1571,587.43,80.08,1.37,23.75
2022-05-27,Newcastle,Paradip,Panamax,1522,566.76,80.0,1.25,23.01
2022-05-28,Newcastle,Paradip,Panamax,1509,570.74,80.0,1.19,23.19
2022-05-29,Newcastle,Paradip,Panamax,1589,590.2,76.53,1.24,24.06
2022-05-30,Newcastle,Paradip,Panamax,1567,578.03,78.19,1.65,23.76
2022-05-31,Newcastle,Paradip,Panamax,1505,575.19,77.99,0.89,23.68
2022-06-01,Newcastle,Paradip,Panamax,1569,568.1,78.75,4.17,23.44
2022-06-02,Newcastle,Paradip,Panamax,1595,574.92,75.41,3.73,23.84
2022-06-03,Newcastle,Paradip,Panamax,1580,568.86,75.38,2.99,23.57
2022-06-04,Newcastle,Paradip,Panamax,1500,559.39,77.45,3.6,23.14
2022-06-05,Newcastle,Paradip,Panamax,1520,565.42,72.78,3.3,23.03
2022-06-06,Newcastle,Paradip,Panamax,1537,575.6,77.09,2.87,23.56
2022-06-07,Newcastle,Paradip,Panamax,1509,561.74,75.63,3.6,23.19
2022-06-08,Newcastle,Paradip,Panamax,1572,559.92,75.54,3.61,23.76
2022-06-09,Newcastle,Paradip,Panamax,1583,553.99,75.98,3.58,23.4
2022-06-10,Newcastle,Paradip,Panamax,1530,569.62,75.33,2.97,23.01
2022-06-11,Newcastle,Paradip,Panamax,1516,568.48,73.5,3.42,23.29
2022-06-12,Newcastle,Paradip,Panamax,1552,573.47,77.41,2.52,23.53
2022-06-13,Newcastle,Paradip,Panamax,1542,551.36,76.74,3.77,23.08
2022-06-14,Newcastle,Paradip,Panamax,1528,569.08,73.62,2.61,23.44
2022-06-15,Newcastle,Paradip,Panamax,1567,562.71,75.18,3.22,23.38
2022-06-16,Newcastle,Paradip,Panamax,1511,572.12,72.17,3.74,23.29
2022-06-17,Newcastle,Paradip,Panamax,1477,557.29,74.08,3.61,23.3
2022-06-18,Newcastle,Paradip,Panamax,1479,551.0,72.13,3.77,22.52
2022-06-19,Newcastle,Paradip,Panamax,1531,565.22,70.14,2.64,23.34
2022-06-20,Newcastle,Paradip,Panamax,1530,555.63,70.07,3.68,23.26
2022-06-21,Newcastle,Paradip,Panamax,1499,562.13,70.28,3.85,22.75
2022-06-22,Newcastle,Paradip,Panamax,1493,555.5,69.81,3.26,22.75
2022-06-23,Newcastle,Paradip,Panamax,1513,554.48,75.0,3.2,23.48
2022-06-24,Newcastle,Paradip,Panamax,1491,544.49,74.74,3.57,22.66
2022-06-25,Newcastle,Paradip,Panamax,1426,560.06,74.71,3.11,22.61
2022-06-26,Newcastle,Paradip,Panamax,1438,538.71,72.71,4.19,22.37
2022-06-27,Newcastle,Paradip,Panamax,1428,540.93,74.12,4.12,22.19
2022-06-28,Newcastle,Paradip,Panamax,1422,545.2,73.98,3.49,22.08
2022-06-29,Newcastle,Paradip,Panamax,1533,537.83,70.02,3.23,23.01
2022-06-30,Newcastle,Paradip,Panamax,1438,555.89,72.73,2.59,22.62
2022-07-01,Newcastle,Paradip,Panamax,1409,526.05,69.85,2.5,21.8
2022-07-02,Newcastle,Paradip,Panamax,1427,545.73,68.71,3.29,22.85
2022-07-03,Newcastle,Paradip,Panamax,1445,528.82,72.09,3.39,22.18
2022-07-04,Newcastle,Paradip,Panamax,1457,550.39,71.91,2.76,22.76
2022-07-05,Newcastle,Paradip,Panamax,1479,543.17,68.42,3.13,22.7
2022-07-06,Newcastle,Paradip,Panamax,1501,535.21,69.39,3.36,22.76
2022-07-07,Newcastle,Paradip,Panamax,1480,530.29,69.33,3.37,22.96
2022-07-08,Newcastle,Paradip,Panamax,1464,544.9,68.01,2.95,22.85
2022-07-09,Newcastle,Paradip,Panamax,1451,532.92,67.29,3.26,22.38
2022-07-10,Newcastle,Paradip,Panamax,1488,540.45,66.75,3.57,22.5
2022-07-11,Newcastle,Paradip,Panamax,1486,536.62,66.13,3.28,22.44
2022-07-12,Newcastle,Paradip,Panamax,1438,523.82,66.44,4.17,22.15
2022-07-13,Newcastle,Paradip,Panamax,1387,530.51,68.85,3.45,22.22
2022-07-14,Newcastle,Paradip,Panamax,1490,526.26,69.05,2.63,22.92
2022-07-15,Newcastle,Paradip,Panamax,1419,520.31,65.75,2.86,22.32
2022-07-16,Newcastle,Paradip,Panamax,1392,530.97,66.53,3.76,22.05
2022-07-17,Newcastle,Paradip,Panamax,1450,535.44,66.35,2.79,22.18
2022-07-18,Newcastle,Paradip,Panamax,1420,508.11,69.81,2.89,21.9
2022-07-19,Newcastle,Paradip,Panamax,1409,512.3,68.99,4.14,21.98
2022-07-20,Newcastle,Paradip,Panamax,1429,525.05,67.48,4.05,21.89
2022-07-21,Newcastle,Paradip,Panamax,1365,515.49,68.26,2.99,21.37
2022-07-22,Newcastle,Paradip,Panamax,1417,518.88,68.88,3.15,21.81
2022-07-23,Newcastle,Paradip,Panamax,1457,529.07,65.94,2.53,22.58
2022-07-24,Newcastle,Paradip,Panamax,1440,505.06,65.12,3.49,21.88
2022-07-25,Newcastle,Paradip,Panamax,1449,512.44,68.62,3.05,22.22
2022-07-26,Newcastle,Paradip,Panamax,1437,507.15,64.93,3.92,22.34
2022-07-27,Newcastle,Paradip,Panamax,1385,520.39,64.73,3.48,21.71
2022-07-28,Newcastle,Paradip,Panamax,1450,498.16,67.0,2.8,22.1
2022-07-29,Newcastle,Paradip,Panamax,1356,515.23,63.68,2.98,21.34
2022-07-30,Newcastle,Paradip,Panamax,1447,499.73,63.26,2.87,22.32
2022-07-31,Newcastle,Paradip,Panamax,1393,504.62,62.67,3.79,21.88
2022-08-01,Newcastle,Paradip,Panamax,1399,515.72,62.55,3.04,21.78
2022-08-02,Newcastle,Paradip,Panamax,1333,513.74,64.05,3.45,21.61
2022-08-03,Newcastle,Paradip,Panamax,1390,495.98,63.58,3.68,21.32
2022-08-04,Newcastle,Paradip,Panamax,1333,509.11,68.04,3.38,21.76
2022-08-05,Newcastle,Paradip,Panamax,1383,488.38,64.35,3.66,21.35
2022-08-06,Newcastle,Paradip,Panamax,1375,493.48,67.26,2.79,21.25
2022-08-07,Newcastle,Paradip,Panamax,1422,502.15,64.01,2.74,21.69
2022-08-08,Newcastle,Paradip,Panamax,1318,496.0,65.99,3.3,21.55
2022-08-09,Newcastle,Paradip,Panamax,1339,483.37,61.69,3.23,20.84
2022-08-10,Newcastle,Paradip,Panamax,1327,492.52,63.85,3.47,20.96
2022-08-11,Newcastle,Paradip,Panamax,1394,487.1,63.87,3.64,21.69
2022-08-12,Newcastle,Paradip,Panamax,1338,490.12,61.49,2.82,21.08
2022-08-13,Newcastle,Paradip,Panamax,1388,490.07,65.02,3.24,21.22
2022-08-14,Newcastle,Paradip,Panamax,1381,493.76,65.17,3.4,21.9
2022-08-15,Newcastle,Paradip,Panamax,1409,497.61,64.59,3.4,22.03
2022-08-16,Newcastle,Paradip,Panamax,1300,478.11,64.4,2.97,20.65
2022-08-17,Newcastle,Paradip,Panamax,1349,505.37,62.89,2.79,21.26
2022-08-18,Newcastle,Paradip,Panamax,1342,496.01,62.67,3.64,21.55
2022-08-19,Newcastle,Paradip,Panamax,1298,482.02,62.2,3.45,20.72
2022-08-20,Newcastle,Paradip,Panamax,1329,475.57,60.82,3.75,21.32
2022-08-21,Newcastle,Paradip,Panamax,1346,475.76,63.05,3.9,21.52
2022-08-22,Newcastle,Paradip,Panamax,1377,503.43,62.77,3.05,21.38
2022-08-23,Newcastle,Paradip,Panamax,1304,478.64,61.37,3.38,20.69
2022-08-24,Newcastle,Paradip,Panamax,1319,490.04,65.64,2.86,21.08
2022-08-25,Newcastle,Paradip,Panamax,1336,494.64,65.46,3.04,21.02
2022-08-26,Newcastle,Paradip,Panamax,1344,481.26,62.12,3.33,21.29
2022-08-27,Newcastle,Paradip,Panamax,1347,484.35,59.9,3.32,21.54
2022-08-28,Newcastle,Paradip,Panamax,1348,498.56,63.84,3.73,21.68
2022-08-29,Newcastle,Paradip,Panamax,1329,491.99,60.64,2.83,21.56
2022-08-30,Newcastle,Paradip,Panamax,1365,471.24,61.6,3.75,21.28
2022-08-31,Newcastle,Paradip,Panamax,1392,493.89,64.34,2.94,21.79
2022-09-01,Newcastle,Paradip,Panamax,1391,496.35,60.16,3.5,21.52
2022-09-02,Newcastle,Paradip,Panamax,1348,483.68,59.71,3.59,21.39
2022-09-03,Newcastle,Paradip,Panamax,1367,494.21,64.57,3.35,21.33
2022-09-04,Newcastle,Paradip,Panamax,1316,477.31,61.39,3.11,21.1
2022-09-05,Newcastle,Paradip,Panamax,1303,481.84,60.26,2.57,21.06
2022-09-06,Newcastle,Paradip,Panamax,1287,480.21,58.89,2.82,20.57
2022-09-07,Newcastle,Paradip,Panamax,1333,486.48,61.62,2.72,20.99
2022-09-08,Newcastle,Paradip,Panamax,1372,477.99,58.97,3.6,21.4
2022-09-09,Newcastle,Paradip,Panamax,1282,480.65,63.44,2.51,20.59
2022-09-10,Newcastle,Paradip,Panamax,1339,475.94,62.98,3.46,21.27
2022-09-11,Newcastle,Paradip,Panamax,1346,494.68,64.23,3.0,21.05
2022-09-12,Newcastle,Paradip,Panamax,1326,472.48,62.04,2.73,20.93
2022-09-13,Newcastle,Paradip,Panamax,1371,494.14,61.95,3.4,21.88
2022-09-14,Newcastle,Paradip,Panamax,1324,485.52,58.62,3.7,21.08
2022-09-15,Newcastle,Paradip,Panamax,1305,491.47,59.29,2.79,20.84
2022-09-16,Newcastle,Paradip,Panamax,1381,476.66,59.48,3.66,21.02
2022-09-17,Newcastle,Paradip,Panamax,1374,493.21,63.19,3.59,21.84
2022-09-18,Newcastle,Paradip,Panamax,1300,465.43,63.46,3.33,20.85
2022-09-19,Newcastle,Paradip,Panamax,1318,465.11,63.77,2.87,20.53
2022-09-20,Newcastle,Paradip,Panamax,1293,468.39,61.25,4.1,20.87
2022-09-21,Newcastle,Paradip,Panamax,1373,493.41,59.56,2.97,21.77
2022-09-22,Newcastle,Paradip,Panamax,1291,465.59,61.29,3.04,20.33
2022-09-23,Newcastle,Paradip,Panamax,1382,484.89,64.1,2.93,21.82
2022-09-24,Newcastle,Paradip,Panamax,1369,492.98,63.61,3.45,21.11
2022-09-25,Newcastle,Paradip,Panamax,1273,481.66,63.22,3.42,20.57
2022-09-26,Newcastle,Paradip,Panamax,1319,493.15,60.75,2.8,21.52
2022-09-27,Newcastle,Paradip,Panamax,1283,467.7,60.04,3.66,20.65
2022-09-28,Newcastle,Paradip,Panamax,1367,493.55,58.79,3.54,21.1
2022-09-29,Newcastle,Paradip,Panamax,1375,465.81,61.54,4.03,21.23
2022-09-30,Newcastle,Paradip,Panamax,1275,487.55,59.93,2.59,20.86
2022-10-01,Newcastle,Paradip,Panamax,1293,490.02,62.13,0.94,20.79
2022-10-02,Newcastle,Paradip,Panamax,1353,473.22,64.26,1.29,21.21
2022-10-03,Newcastle,Paradip,Panamax,1371,474.87,60.12,1.5,21.58
2022-10-04,Newcastle,Paradip,Panamax,1353,494.88,61.95,0.95,21.6
2022-10-05,Newcastle,Paradip,Panamax,1337,485.97,63.44,1.29,21.09
2022-10-06,Newcastle,Paradip,Panamax,1370,475.88,64.41,1.18,20.89
2022-10-07,Newcastle,Paradip,Panamax,1377,478.26,59.73,1.58,21.14
2022-10-08,Newcastle,Paradip,Panamax,1329,493.4,64.21,1.6,21.02
2022-10-09,Newcastle,Paradip,Panamax,1325,480.26,59.09,1.29,21.06
2022-10-10,Newcastle,Paradip,Panamax,1295,489.27,58.85,0.91,21.23
2022-10-11,Newcastle,Paradip,Panamax,1381,494.6,60.57,1.47,21.48
2022-10-12,Newcastle,Paradip,Panamax,1357,495.95,58.93,1.76,21.7
2022-10-13,Newcastle,Paradip,Panamax,1291,494.27,60.12,1.71,20.75
2022-10-14,Newcastle,Paradip,Panamax,1404,484.44,62.58,0.81,21.67
2022-10-15,Newcastle,Paradip,Panamax,1363,477.84,59.94,1.58,21.3
2022-10-16,Newcastle,Paradip,Panamax,1311,479.7,64.66,0.88,21.32
2022-10-17,Newcastle,Paradip,Panamax,1380,490.48,64.18,1.39,21.83
2022-10-18,Newcastle,Paradip,Panamax,1406,477.2,62.58,1.32,21.15
2022-10-19,Newcastle,Paradip,Panamax,1310,486.49,65.02,1.66,21.41
2022-10-20,Newcastle,Paradip,Panamax,1316,487.96,63.34,1.19,20.9
2022-10-21,Newcastle,Paradip,Panamax,1382,492.86,61.71,1.1,21.26
2022-10-22,Newcastle,Paradip,Panamax,1348,501.27,65.15,1.11,21.27
2022-10-23,Newcastle,Paradip,Panamax,1411,480.41,62.23,1.75,21.68
2022-10-24,Newcastle,Paradip,Panamax,1357,501.62,63.43,1.64,21.41
2022-10-25,Newcastle,Paradip,Panamax,1393,477.84,60.42,1.57,21.76
2022-10-26,Newcastle,Paradip,Panamax,1339,504.15,61.41,1.21,21.47
2022-10-27,Newcastle,Paradip,Panamax,1390,502.11,64.46,1.28,22.01
2022-10-28,Newcastle,Paradip,Panamax,1311,481.18,63.38,1.59,20.65
2022-10-29,Newcastle,Paradip,Panamax,1355,481.33,63.33,1.52,21.09
2022-10-30,Newcastle,Paradip,Panamax,1341,499.83,65.27,1.17,21.15
2022-10-31,Newcastle,Paradip,Panamax,1394,510.55,64.7,1.22,21.83
2022-11-01,Newcastle,Paradip,Panamax,1371,504.46,64.93,1.8,21.63
2022-11-02,Newcastle,Paradip,Panamax,1398,501.97,63.0,1.7,21.8
2022-11-03,Newcastle,Paradip,Panamax,1404,493.67,63.01,1.25,21.49
2022-11-04,Newcastle,Paradip,Panamax,1383,509.39,63.35,1.15,21.9
2022-11-05,Newcastle,Paradip,Panamax,1351,515.61,64.84,1.44,21.76
2022-11-06,Newcastle,Paradip,Panamax,1428,494.6,62.03,0.85,22.15
2022-11-07,Newcastle,Paradip,Panamax,1445,511.02,61.51,0.94,22.01
2022-11-08,Newcastle,Paradip,Panamax,1373,496.98,61.61,1.02,21.62
2022-11-09,Newcastle,Paradip,Panamax,1439,491.49,67.59,1.39,21.92
2022-11-10,Newcastle,Paradip,Panamax,1442,518.19,63.98,1.65,22.11
2022-11-11,Newcastle,Paradip,Panamax,1453,500.57,67.3,1.32,22.04
2022-11-12,Newcastle,Paradip,Panamax,1397,500.72,67.47,0.9,21.66
2022-11-13,Newcastle,Paradip,Panamax,1382,504.03,65.98,1.29,21.97
2022-11-14,Newcastle,Paradip,Panamax,1391,516.6,68.22,1.79,21.82
2022-11-15,Newcastle,Paradip,Panamax,1420,499.84,66.57,1.03,22.21
2022-11-16,Newcastle,Paradip,Panamax,1407,510.37,67.63,1.09,22.01
2022-11-17,Newcastle,Paradip,Panamax,1391,524.41,64.61,1.58,21.85
2022-11-18,Newcastle,Paradip,Panamax,1394,501.18,66.59,1.26,21.75
2022-11-19,Newcastle,Paradip,Panamax,1448,501.66,66.04,1.71,22.18
2022-11-20,Newcastle,Paradip,Panamax,1370,508.02,65.12,0.87,21.72
2022-11-21,Newcastle,Paradip,Panamax,1424,517.6,63.97,0.86,22.17
2022-11-22,Newcastle,Paradip,Panamax,1444,529.72,65.32,1.65,22.25
2022-11-23,Newcastle,Paradip,Panamax,1385,520.8,67.96,1.57,22.28
2022-11-24,Newcastle,Paradip,Panamax,1465,514.88,69.74,1.62,22.06
2022-11-25,Newcastle,Paradip,Panamax,1403,536.92,69.27,0.95,22.4
2022-11-26,Newcastle,Paradip,Panamax,1413,527.17,67.22,1.55,22.12
2022-11-27,Newcastle,Paradip,Panamax,1433,530.63,64.65,1.29,22.18
2022-11-28,Newcastle,Paradip,Panamax,1411,514.22,69.6,0.88,22.13
2022-11-29,Newcastle,Paradip,Panamax,1499,534.57,65.53,1.38,22.88
2022-11-30,Newcastle,Paradip,Panamax,1401,520.62,66.5,1.24,21.83
2022-12-01,Newcastle,Paradip,Panamax,1415,537.98,69.75,1.49,22.45
2022-12-02,Newcastle,Paradip,Panamax,1448,520.96,66.4,1.66,21.95
2022-12-03,Newcastle,Paradip,Panamax,1441,526.3,67.49,0.9,22.31
2022-12-04,Newcastle,Paradip,Panamax,1479,535.11,70.46,1.67,22.76
2022-12-05,Newcastle,Paradip,Panamax,1416,537.56,68.32,1.36,22.54
2022-12-06,Newcastle,Paradip,Panamax,1527,539.59,71.22,1.12,23.03
2022-12-07,Newcastle,Paradip,Panamax,1477,546.46,71.7,1.16,23.17
2022-12-08,Newcastle,Paradip,Panamax,1435,541.22,66.5,1.1,22.19
2022-12-09,Newcastle,Paradip,Panamax,1520,525.54,69.72,1.64,22.77
2022-12-10,Newcastle,Paradip,Panamax,1447,528.09,68.43,1.43,22.58
2022-12-11,Newcastle,Paradip,Panamax,1465,541.1,71.15,1.64,22.98
2022-12-12,Newcastle,Paradip,Panamax,1543,540.31,69.24,0.97,23.35
2022-12-13,Newcastle,Paradip,Panamax,1445,535.58,73.23,0.82,22.17
2022-12-14,Newcastle,Paradip,Panamax,1558,558.23,71.62,0.83,23.56
2022-12-15,Newcastle,Paradip,Panamax,1542,554.26,71.86,1.4,23.45
2022-12-16,Newcastle,Paradip,Panamax,1474,552.55,70.69,1.71,22.55
2022-12-17,Newcastle,Paradip,Panamax,1523,535.16,69.97,0.83,23.28
2022-12-18,Newcastle,Paradip,Panamax,1545,565.52,74.19,1.03,23.2
2022-12-19,Newcastle,Paradip,Panamax,1509,548.99,72.94,1.43,22.73
2022-12-20,Newcastle,Paradip,Panamax,1468,544.54,74.35,1.67,22.43
2022-12-21,Newcastle,Paradip,Panamax,1477,553.98,73.64,1.47,23.23
2022-12-22,Newcastle,Paradip,Panamax,1552,544.27,71.12,1.03,23.13
2022-12-23,Newcastle,Paradip,Panamax,1550,566.16,74.66,0.86,23.49
2022-12-24,Newcastle,Paradip,Panamax,1517,545.87,75.26,1.45,22.99
2022-12-25,Newcastle,Paradip,Panamax,1584,561.08,72.38,1.59,23.83
2022-12-26,Newcastle,Paradip,Panamax,1600,552.18,75.13,1.09,23.56
2022-12-27,Newcastle,Paradip,Panamax,1605,555.06,74.68,1.45,23.74
2022-12-28,Newcastle,Paradip,Panamax,1522,564.33,71.71,1.3,22.94
2022-12-29,Newcastle,Paradip,Panamax,1588,571.0,73.61,1.68,24.01
2022-12-30,Newcastle,Paradip,Panamax,1594,573.53,74.74,1.39,23.68
2022-12-31,Newcastle,Paradip,Panamax,1599,562.61,76.35,1.48,23.45
2023-01-01,Newcastle,Paradip,Panamax,1599,572.83,76.34,1.3,23.96
2023-01-02,Newcastle,Paradip,Panamax,1622,583.94,71.13,1.78,24.15
2023-01-03,Newcastle,Paradip,Panamax,1593,556.78,75.05,1.56,23.48
2023-01-04,Newcastle,Paradip,Panamax,1628,568.78,72.47,0.89,23.9
2023-01-05,Newcastle,Paradip,Panamax,1612,586.04,76.47,1.52,24.28
2023-01-06,Newcastle,Paradip,Panamax,1620,585.41,73.75,1.77,24.31
2023-01-07,Newcastle,Paradip,Panamax,1570,588.74,73.15,0.99,23.8
2023-01-08,Newcastle,Paradip,Panamax,1534,577.08,72.44,1.31,23.25
2023-01-09,Newcastle,Paradip,Panamax,1540,572.55,77.27,1.48,23.61
2023-01-10,Newcastle,Paradip,Panamax,1609,594.18,76.94,1.37,24.37
2023-01-11,Newcastle,Paradip,Panamax,1634,574.17,74.29,1.5,24.27
2023-01-12,Newcastle,Paradip,Panamax,1636,596.6,74.48,1.18,24.61
2023-01-13,Newcastle,Paradip,Panamax,1555,569.72,75.03,1.26,23.62
2023-01-14,Newcastle,Paradip,Panamax,1630,598.76,76.28,0.86,24.66
2023-01-15,Newcastle,Paradip,Panamax,1617,584.86,77.49,0.89,24.04
2023-01-16,Newcastle,Paradip,Panamax,1581,582.49,76.34,0.93,23.83
2023-01-17,Newcastle,Paradip,Panamax,1575,587.47,76.5,1.49,23.66
2023-01-18,Newcastle,Paradip,Panamax,1593,593.22,75.28,1.26,23.86
2023-01-19,Newcastle,Paradip,Panamax,1565,599.9,74.08,1.41,24.34
2023-01-20,Newcastle,Paradip,Panamax,1587,592.22,80.21,1.77,24.05
2023-01-21,Newcastle,Paradip,Panamax,1668,586.02,75.04,0.95,24.27
2023-01-22,Newcastle,Paradip,Panamax,1627,583.97,79.87,1.66,24.28
2023-01-23,Newcastle,Paradip,Panamax,1580,592.11,76.13,1.4,24.12
2023-01-24,Newcastle,Paradip,Panamax,1673,598.48,76.32,1.39,24.23
2023-01-25,Newcastle,Paradip,Panamax,1697,600.89,80.99,1.75,25.11
2023-01-26,Newcastle,Paradip,Panamax,1680,610.45,78.29,0.86,24.5
2023-01-27,Newcastle,Paradip,Panamax,1631,601.12,79.03,1.18,24.52
2023-01-28,Newcastle,Paradip,Panamax,1595,610.29,79.22,1.22,24.0
2023-01-29,Newcastle,Paradip,Panamax,1658,602.64,78.48,0.83,24.56
2023-01-30,Newcastle,Paradip,Panamax,1665,615.68,76.41,1.55,24.81
2023-01-31,Newcastle,Paradip,Panamax,1663,594.16,80.49,1.09,24.47
2023-02-01,Newcastle,Paradip,Panamax,1673,601.58,77.92,1.08,24.29
2023-02-02,Newcastle,Paradip,Panamax,1700,600.86,78.54,1.48,24.88
2023-02-03,Newcastle,Paradip,Panamax,1721,604.7,81.71,0.85,25.02
2023-02-04,Newcastle,Paradip,Panamax,1688,600.5,79.94,1.69,24.76
2023-02-05,Newcastle,Paradip,Panamax,1718,620.23,77.56,1.39,24.76
2023-02-06,Newcastle,Paradip,Panamax,1706,612.98,79.95,1.71,24.9
2023-02-07,Newcastle,Paradip,Panamax,1715,621.0,80.27,1.13,25.49
2023-02-08,Newcastle,Paradip,Panamax,1719,617.69,80.92,1.32,25.07
2023-02-09,Newcastle,Paradip,Panamax,1709,600.31,82.99,1.7,25.15
2023-02-10,Newcastle,Paradip,Panamax,1682,627.02,79.43,1.69,24.93
2023-02-11,Newcastle,Paradip,Panamax,1644,629.33,79.33,1.07,24.38
2023-02-12,Newcastle,Paradip,Panamax,1679,621.35,83.16,1.72,24.61
2023-02-13,Newcastle,Paradip,Panamax,1651,627.42,81.97,0.98,24.78
2023-02-14,Newcastle,Paradip,Panamax,1684,620.11,78.11,1.35,24.62
2023-02-15,Newcastle,Paradip,Panamax,1649,612.95,78.92,0.93,24.61
2023-02-16,Newcastle,Paradip,Panamax,1684,610.69,79.02,1.02,25.07
2023-02-17,Newcastle,Paradip,Panamax,1737,617.04,83.41,0.96,24.94
2023-02-18,Newcastle,Paradip,Panamax,1637,622.44,80.51,0.93,25.03
2023-02-19,Newcastle,Paradip,Panamax,1647,616.66,78.38,1.25,24.94
2023-02-20,Newcastle,Paradip,Panamax,1732,632.01,80.68,1.68,25.09
2023-02-21,Newcastle,Paradip,Panamax,1706,627.29,80.24,1.33,25.13
2023-02-22,Newcastle,Paradip,Panamax,1684,635.04,79.42,1.27,24.8
2023-02-23,Newcastle,Paradip,Panamax,1747,633.45,81.77,1.22,25.84
2023-02-24,Newcastle,Paradip,Panamax,1736,609.82,81.32,1.71,25.13
2023-02-25,Newcastle,Paradip,Panamax,1736,634.35,84.71,1.28,25.08
2023-02-26,Newcastle,Paradip,Panamax,1753,628.22,84.07,1.71,25.56
2023-02-27,Newcastle,Paradip,Panamax,1658,633.98,83.39,0.9,24.63
2023-02-28,Newcastle,Paradip,Panamax,1741,639.0,84.88,1.28,25.13
2023-03-01,Newcastle,Paradip,Panamax,1695,638.38,83.06,0.91,24.9
2023-03-02,Newcastle,Paradip,Panamax,1756,628.71,79.89,1.55,25.68
2023-03-03,Newcastle,Paradip,Panamax,1766,634.66,79.46,1.1,25.62
2023-03-04,Newcastle,Paradip,Panamax,1728,634.43,83.25,1.11,25.22
2023-03-05,Newcastle,Paradip,Panamax,1718,629.15,84.87,1.54,24.98
2023-03-06,Newcastle,Paradip,Panamax,1727,628.66,84.13,1.63,25.23
2023-03-07,Newcastle,Paradip,Panamax,1740,632.92,84.05,1.23,25.68
2023-03-08,Newcastle,Paradip,Panamax,1712,633.83,79.58,1.71,25.14
2023-03-09,Newcastle,Paradip,Panamax,1771,620.82,83.84,1.18,25.25
2023-03-10,Newcastle,Paradip,Panamax,1710,618.75,82.74,1.47,25.38
2023-03-11,Newcastle,Paradip,Panamax,1736,615.86,84.3,1.31,24.98
2023-03-12,Newcastle,Paradip,Panamax,1719,639.94,82.84,1.24,25.25
2023-03-13,Newcastle,Paradip,Panamax,1731,644.41,82.41,0.92,25.75
2023-03-14,Newcastle,Paradip,Panamax,1679,639.08,79.97,1.78,25.4
2023-03-15,Newcastle,Paradip,Panamax,1774,634.97,81.72,1.23,25.29
2023-03-16,Newcastle,Paradip,Panamax,1723,643.5,80.48,1.47,25.31
2023-03-17,Newcastle,Paradip,Panamax,1750,620.01,80.37,1.52,25.64
2023-03-18,Newcastle,Paradip,Panamax,1702,632.11,80.99,1.26,24.97
2023-03-19,Newcastle,Paradip,Panamax,1768,620.93,81.85,1.5,25.57
2023-03-20,Newcastle,Paradip,Panamax,1710,625.32,83.07,1.07,25.46
2023-03-21,Newcastle,Paradip,Panamax,1741,620.13,84.58,1.21,25.47
2023-03-22,Newcastle,Paradip,Panamax,1695,642.06,83.62,1.65,25.32
2023-03-23,Newcastle,Paradip,Panamax,1740,625.24,80.37,1.73,25.34
2023-03-24,Newcastle,Paradip,Panamax,1685,637.96,80.27,0.93,24.99
2023-03-25,Newcastle,Paradip,Panamax,1752,637.75,81.29,1.5,25.29
2023-03-26,Newcastle,Paradip,Panamax,1741,632.59,83.09,1.41,25.31
2023-03-27,Newcastle,Paradip,Panamax,1739,632.5,81.35,1.53,25.62
2023-03-28,Newcastle,Paradip,Panamax,1786,639.09,84.29,1.71,25.94
2023-03-29,Newcastle,Paradip,Panamax,1682,618.81,80.99,0.85,24.58
2023-03-30,Newcastle,Paradip,Panamax,1707,629.72,85.41,0.95,25.14
2023-03-31,Newcastle,Paradip,Panamax,1729,640.06,81.55,1.01,25.44
2023-04-01,Newcastle,Paradip,Panamax,1769,641.33,85.22,1.46,26.06
2023-04-02,Newcastle,Paradip,Panamax,1673,636.26,84.2,1.71,24.81
2023-04-03,Newcastle,Paradip,Panamax,1735,631.81,81.74,1.16,25.41
2023-04-04,Newcastle,Paradip,Panamax,1700,621.41,83.11,0.81,25.01
2023-04-05,Newcastle,Paradip,Panamax,1684,632.55,82.19,1.26,25.12
2023-04-06,Newcastle,Paradip,Panamax,1723,636.7,82.55,1.26,25.59
2023-04-07,Newcastle,Paradip,Panamax,1741,616.96,82.36,1.4,25.2
2023-04-08,Newcastle,Paradip,Panamax,1680,630.1,83.73,1.27,25.28
2023-04-09,Newcastle,Paradip,Panamax,1738,620.34,85.21,1.12,25.12
2023-04-10,Newcastle,Paradip,Panamax,1689,629.5,84.9,1.77,24.96
2023-04-11,Newcastle,Paradip,Panamax,1732,617.59,81.26,1.09,25.08
2023-04-12,Newcastle,Paradip,Panamax,1755,619.13,81.53,1.45,25.68
2023-04-13,Newcastle,Paradip,Panamax,1667,626.33,82.7,0.97,25.17
2023-04-14,Newcastle,Paradip,Panamax,1706,623.6,80.23,1.43,25.33
2023-04-15,Newcastle,Paradip,Panamax,1752,613.64,84.77,1.07,24.92
2023-04-16,Newcastle,Paradip,Panamax,1682,615.92,83.77,0.95,24.99
2023-04-17,Newcastle,Paradip,Panamax,1722,622.3,82.14,1.35,25.47
2023-04-18,Newcastle,Paradip,Panamax,1743,640.4,80.89,1.65,25.89
2023-04-19,Newcastle,Paradip,Panamax,1698,619.67,82.15,0.91,25.18
2023-04-20,Newcastle,Paradip,Panamax,1693,635.07,80.55,1.49,24.81
2023-04-21,Newcastle,Paradip,Panamax,1664,630.04,82.79,0.83,24.98
2023-04-22,Newcastle,Paradip,Panamax,1680,614.53,83.08,1.66,24.69
2023-04-23,Newcastle,Paradip,Panamax,1680,636.34,78.57,1.56,25.38
2023-04-24,Newcastle,Paradip,Panamax,1732,621.76,81.21,1.33,25.4
2023-04-25,Newcastle,Paradip,Panamax,1698,618.25,78.17,0.82,24.9
2023-04-26,Newcastle,Paradip,Panamax,1745,628.85,80.78,1.79,25.11
2023-04-27,Newcastle,Paradip,Panamax,1656,611.75,77.97,1.56,25.0
2023-04-28,Newcastle,Paradip,Panamax,1737,610.03,83.52,0.87,25.2
2023-04-29,Newcastle,Paradip,Panamax,1762,632.78,81.23,0.92,25.67
2023-04-30,Newcastle,Paradip,Panamax,1706,632.38,78.75,1.11,24.96
2023-05-01,Newcastle,Paradip,Panamax,1754,625.12,83.08,0.82,25.41
2023-05-02,Newcastle,Paradip,Panamax,1753,620.88,77.65,0.86,25.65
2023-05-03,Newcastle,Paradip,Panamax,1662,609.09,78.62,1.08,25.03
2023-05-04,Newcastle,Paradip,Panamax,1642,602.32,78.24,0.81,24.11
2023-05-05,Newcastle,Paradip,Panamax,1744,607.03,78.25,0.88,25.07
2023-05-06,Newcastle,Paradip,Panamax,1701,607.86,77.67,1.14,24.65
2023-05-07,Newcastle,Paradip,Panamax,1648,619.82,77.7,1.58,25.05
2023-05-08,Newcastle,Paradip,Panamax,1712,617.77,77.95,1.3,25.19
2023-05-09,Newcastle,Paradip,Panamax,1659,624.01,78.46,1.54,24.76
2023-05-10,Newcastle,Paradip,Panamax,1688,615.91,78.85,1.34,24.5
2023-05-11,Newcastle,Paradip,Panamax,1657,601.23,80.45,1.1,24.46
2023-05-12,Newcastle,Paradip,Panamax,1701,619.98,76.42,0.96,25.24
2023-05-13,Newcastle,Paradip,Panamax,1705,594.44,80.59,1.76,24.34
2023-05-14,Newcastle,Paradip,Panamax,1653,601.04,79.31,0.98,24.61
2023-05-15,Newcastle,Paradip,Panamax,1652,600.41,75.46,0.84,24.34
2023-05-16,Newcastle,Paradip,Panamax,1706,618.55,77.41,0.86,25.35
2023-05-17,Newcastle,Paradip,Panamax,1719,602.06,78.44,1.7,25.06
2023-05-18,Newcastle,Paradip,Panamax,1722,607.94,80.83,1.69,25.29
2023-05-19,Newcastle,Paradip,Panamax,1669,609.04,80.71,1.54,24.41
2023-05-20,Newcastle,Paradip,Panamax,1642,604.07,80.26,0.95,24.22
2023-05-21,Newcastle,Paradip,Panamax,1652,614.17,79.0,1.34,24.93
2023-05-22,Newcastle,Paradip,Panamax,1643,601.76,78.16,1.66,24.53
2023-05-23,Newcastle,Paradip,Panamax,1677,609.07,77.52,1.4,24.47
2023-05-24,Newcastle,Paradip,Panamax,1702,601.59,79.1,1.69,24.82
2023-05-25,Newcastle,Paradip,Panamax,1705,588.19,75.54,0.98,24.27
2023-05-26,Newcastle,Paradip,Panamax,1603,595.94,73.59,1.24,23.85
2023-05-27,Newcastle,Paradip,Panamax,1666,593.74,73.91,1.77,24.52
2023-05-28,Newcastle,Paradip,Panamax,1637,603.72,76.52,1.51,24.67
2023-05-29,Newcastle,Paradip,Panamax,1684,601.59,78.13,1.62,24.83
2023-05-30,Newcastle,Paradip,Panamax,1670,594.09,73.39,1.32,24.76
2023-05-31,Newcastle,Paradip,Panamax,1615,599.92,75.53,0.87,24.32
2023-06-01,Newcastle,Paradip,Panamax,1641,583.11,74.33,3.43,24.26
2023-06-02,Newcastle,Paradip,Panamax,1674,573.23,77.2,2.71,24.52
2023-06-03,Newcastle,Paradip,Panamax,1571,590.58,76.1,3.39,23.91
2023-06-04,Newcastle,Paradip,Panamax,1663,587.58,76.63,2.92,24.02
2023-06-05,Newcastle,Paradip,Panamax,1623,576.89,77.1,4.19,24.37
2023-06-06,Newcastle,Paradip,Panamax,1668,569.19,76.75,2.8,23.89
2023-06-07,Newcastle,Paradip,Panamax,1646,572.12,76.97,3.94,23.93
2023-06-08,Newcastle,Paradip,Panamax,1589,592.25,72.33,3.52,24.39
2023-06-09,Newcastle,Paradip,Panamax,1617,567.04,75.44,3.94,24.06
2023-06-10,Newcastle,Paradip,Panamax,1663,574.06,72.21,2.6,24.25
2023-06-11,Newcastle,Paradip,Panamax,1594,576.0,75.94,3.59,23.7
2023-06-12,Newcastle,Paradip,Panamax,1648,570.05,75.83,4.04,24.14
2023-06-13,Newcastle,Paradip,Panamax,1623,568.8,70.39,3.92,24.17
2023-06-14,Newcastle,Paradip,Panamax,1571,557.96,72.03,3.09,23.5
2023-06-15,Newcastle,Paradip,Panamax,1550,562.22,73.01,3.2,23.19
2023-06-16,Newcastle,Paradip,Panamax,1590,565.65,72.1,3.71,23.84
2023-06-17,Newcastle,Paradip,Panamax,1634,569.56,70.41,4.0,23.86
2023-06-18,Newcastle,Paradip,Panamax,1579,581.1,73.02,2.71,24.08
2023-06-19,Newcastle,Paradip,Panamax,1617,551.58,69.7,3.13,23.83
2023-06-20,Newcastle,Paradip,Panamax,1525,553.16,72.75,3.24,23.15
2023-06-21,Newcastle,Paradip,Panamax,1617,550.05,74.51,4.0,23.42
2023-06-22,Newcastle,Paradip,Panamax,1604,561.2,69.28,2.52,23.7
2023-06-23,Newcastle,Paradip,Panamax,1518,572.45,68.61,2.75,23.36
2023-06-24,Newcastle,Paradip,Panamax,1576,562.04,70.11,3.38,23.18
2023-06-25,Newcastle,Paradip,Panamax,1561,550.99,71.45,3.35,23.65
2023-06-26,Newcastle,Paradip,Panamax,1551,558.88,71.18,3.83,23.12
2023-06-27,Newcastle,Paradip,Panamax,1599,568.32,68.23,3.91,23.62
2023-06-28,Newcastle,Paradip,Panamax,1495,545.14,72.06,2.66,22.69
2023-06-29,Newcastle,Paradip,Panamax,1592,540.36,67.4,2.51,23.36
2023-06-30,Newcastle,Paradip,Panamax,1572,552.28,72.55,2.99,23.2
2023-07-01,Newcastle,Paradip,Panamax,1533,564.95,72.73,3.04,23.26
2023-07-02,Newcastle,Paradip,Panamax,1572,554.49,71.65,3.8,23.21
2023-07-03,Newcastle,Paradip,Panamax,1497,545.88,67.34,4.14,22.66
2023-07-04,Newcastle,Paradip,Panamax,1488,560.09,68.83,3.2,22.99
2023-07-05,Newcastle,Paradip,Panamax,1560,540.28,67.65,2.68,23.28
2023-07-06,Newcastle,Paradip,Panamax,1494,547.96,66.98,3.34,22.6
2023-07-07,Newcastle,Paradip,Panamax,1543,553.59,67.87,2.6,23.23
2023-07-08,Newcastle,Paradip,Panamax,1483,535.95,71.57,3.7,22.94
2023-07-09,Newcastle,Paradip,Panamax,1463,532.6,67.01,2.83,22.65
2023-07-10,Newcastle,Paradip,Panamax,1486,537.8,66.19,2.72,22.75
2023-07-11,Newcastle,Paradip,Panamax,1465,542.1,66.8,3.74,22.32
2023-07-12,Newcastle,Paradip,Panamax,1523,529.64,69.94,3.98,23.23
2023-07-13,Newcastle,Paradip,Panamax,1466,530.05,66.26,4.1,22.34
2023-07-14,Newcastle,Paradip,Panamax,1524,524.24,66.17,3.58,22.45
2023-07-15,Newcastle,Paradip,Panamax,1495,545.59,67.25,3.38,23.09
2023-07-16,Newcastle,Paradip,Panamax,1537,527.06,65.95,3.3,22.54
2023-07-17,Newcastle,Paradip,Panamax,1488,530.44,69.57,2.9,22.48
2023-07-18,Newcastle,Paradip,Panamax,1480,533.29,65.14,3.6,22.88
2023-07-19,Newcastle,Paradip,Panamax,1444,519.44,67.88,4.02,22.6
2023-07-20,Newcastle,Paradip,Panamax,1448,539.53,64.95,2.86,22.49
2023-07-21,Newcastle,Paradip,Panamax,1546,535.77,68.62,3.25,23.34
2023-07-22,Newcastle,Paradip,Panamax,1458,514.61,68.61,4.06,22.36
2023-07-23,Newcastle,Paradip,Panamax,1434,540.4,63.4,4.17,22.25
2023-07-24,Newcastle,Paradip,Panamax,1463,519.48,66.43,2.86,22.38
2023-07-25,Newcastle,Paradip,Panamax,1502,533.07,65.7,2.61,23.08
2023-07-26,Newcastle,Paradip,Panamax,1512,538.36,68.63,2.82,22.65
2023-07-27,Newcastle,Paradip,Panamax,1442,537.31,65.55,4.02,22.79
2023-07-28,Newcastle,Paradip,Panamax,1512,532.03,64.38,2.62,23.2
2023-07-29,Newcastle,Paradip,Panamax,1462,514.68,62.51,3.28,22.17
2023-07-30,Newcastle,Paradip,Panamax,1516,518.19,63.79,2.83,22.95
2023-07-31,Newcastle,Paradip,Panamax,1518,516.69,67.75,3.24,22.33
2023-08-01,Newcastle,Paradip,Panamax,1420,504.5,65.01,3.31,22.13
2023-08-02,Newcastle,Paradip,Panamax,1508,529.3,61.81,2.98,22.42
2023-08-03,Newcastle,Paradip,Panamax,1498,505.35,64.32,4.17,22.31
2023-08-04,Newcastle,Paradip,Panamax,1510,523.01,62.31,3.12,22.89
2023-08-05,Newcastle,Paradip,Panamax,1423,516.74,63.42,3.85,21.94
2023-08-06,Newcastle,Paradip,Panamax,1414,499.73,65.22,3.58,21.61
2023-08-07,Newcastle,Paradip,Panamax,1499,509.86,66.35,3.22,22.86
2023-08-08,Newcastle,Paradip,Panamax,1469,500.95,66.17,3.57,21.92
2023-08-09,Newcastle,Paradip,Panamax,1455,498.35,64.5,3.58,22.25
2023-08-10,Newcastle,Paradip,Panamax,1476,497.91,62.06,3.75,22.36
2023-08-11,Newcastle,Paradip,Panamax,1398,496.44,64.73,2.99,21.64
2023-08-12,Newcastle,Paradip,Panamax,1470,513.65,62.07,3.86,22.54
2023-08-13,Newcastle,Paradip,Panamax,1462,524.19,60.93,3.61,22.12
2023-08-14,Newcastle,Paradip,Panamax,1481,498.05,64.56,2.88,22.61
2023-08-15,Newcastle,Paradip,Panamax,1459,497.33,61.62,3.75,22.09
2023-08-16,Newcastle,Paradip,Panamax,1488,512.86,64.77,3.11,22.46
2023-08-17,Newcastle,Paradip,Panamax,1471,504.53,64.18,3.58,21.98
2023-08-18,Newcastle,Paradip,Panamax,1433,504.5,63.36,2.54,21.89
2023-08-19,Newcastle,Paradip,Panamax,1407,516.59,65.59,3.68,21.91
2023-08-20,Newcastle,Paradip,Panamax,1418,508.2,62.28,3.17,21.86
2023-08-21,Newcastle,Paradip,Panamax,1394,491.11,64.8,2.76,21.49
2023-08-22,Newcastle,Paradip,Panamax,1429,510.19,60.17,4.14,22.19
2023-08-23,Newcastle,Paradip,Panamax,1429,492.97,64.42,3.76,21.8
2023-08-24,Newcastle,Paradip,Panamax,1438,503.82,63.32,3.97,21.8
2023-08-25,Newcastle,Paradip,Panamax,1376,506.3,63.09,3.52,21.83
2023-08-26,Newcastle,Paradip,Panamax,1451,513.53,60.59,3.89,22.24
2023-08-27,Newcastle,Paradip,Panamax,1396,489.51,60.44,2.61,21.53
2023-08-28,Newcastle,Paradip,Panamax,1448,492.66,62.56,4.0,21.8
2023-08-29,Newcastle,Paradip,Panamax,1412,506.57,61.07,3.09,21.84
2023-08-30,Newcastle,Paradip,Panamax,1436,485.69,62.58,4.1,21.75
2023-08-31,Newcastle,Paradip,Panamax,1424,499.98,60.91,3.47,22.0
2023-09-01,Newcastle,Paradip,Panamax,1377,504.5,61.72,2.71,21.32
2023-09-02,Newcastle,Paradip,Panamax,1393,511.18,59.96,2.81,21.51
2023-09-03,Newcastle,Paradip,Panamax,1375,500.78,60.52,3.98,21.26
2023-09-04,Newcastle,Paradip,Panamax,1442,506.11,59.28,3.24,22.05
2023-09-05,Newcastle,Paradip,Panamax,1452,507.01,61.44,3.94,22.35
2023-09-06,Newcastle,Paradip,Panamax,1421,485.41,62.42,2.75,21.5
2023-09-07,Newcastle,Paradip,Panamax,1410,503.09,61.8,3.98,21.76
2023-09-08,Newcastle,Paradip,Panamax,1474,504.68,61.47,3.44,22.26
2023-09-09,Newcastle,Paradip,Panamax,1396,503.52,63.56,3.55,21.68
2023-09-10,Newcastle,Paradip,Panamax,1400,510.56,61.78,3.94,21.83
2023-09-11,Newcastle,Paradip,Panamax,1373,491.21,60.42,3.65,21.26
2023-09-12,Newcastle,Paradip,Panamax,1403,505.48,63.07,3.79,21.56
2023-09-13,Newcastle,Paradip,Panamax,1455,486.03,60.45,3.76,22.18
2023-09-14,Newcastle,Paradip,Panamax,1464,501.96,64.0,3.91,22.49
2023-09-15,Newcastle,Paradip,Panamax,1389,495.11,60.1,3.37,21.98
2023-09-16,Newcastle,Paradip,Panamax,1384,501.45,61.44,3.11,21.64
2023-09-17,Newcastle,Paradip,Panamax,1468,493.94,61.73,3.16,22.29
2023-09-18,Newcastle,Paradip,Panamax,1371,483.69,59.25,4.06,21.33
2023-09-19,Newcastle,Paradip,Panamax,1439,483.37,63.35,3.1,22.0
2023-09-20,Newcastle,Paradip,Panamax,1361,484.35,62.71,3.4,21.66
2023-09-21,Newcastle,Paradip,Panamax,1469,489.76,62.24,3.37,21.75
2023-09-22,Newcastle,Paradip,Panamax,1394,483.23,62.46,3.96,21.89
2023-09-23,Newcastle,Paradip,Panamax,1421,491.01,63.79,3.25,22.01
2023-09-24,Newcastle,Paradip,Panamax,1399,497.86,61.57,3.57,21.8
2023-09-25,Newcastle,Paradip,Panamax,1403,511.75,62.44,3.91,21.86
2023-09-26,Newcastle,Paradip,Panamax,1363,494.54,64.04,3.73,21.55
2023-09-27,Newcastle,Paradip,Panamax,1432,496.7,62.88,3.75,22.31
2023-09-28,Newcastle,Paradip,Panamax,1425,512.43,59.5,3.78,21.75
2023-09-29,Newcastle,Paradip,Panamax,1434,489.8,61.38,3.17,22.02
2023-09-30,Newcastle,Paradip,Panamax,1462,503.25,60.75,4.17,22.05
2023-10-01,Newcastle,Paradip,Panamax,1480,498.21,61.2,1.76,22.44
2023-10-02,Newcastle,Paradip,Panamax,1390,487.39,61.24,0.84,21.87
2023-10-03,Newcastle,Paradip,Panamax,1393,502.95,61.44,0.84,21.95
2023-10-04,Newcastle,Paradip,Panamax,1406,512.91,61.74,1.53,21.7
2023-10-05,Newcastle,Paradip,Panamax,1371,502.42,61.65,1.49,21.63
2023-10-06,Newcastle,Paradip,Panamax,1415,506.38,60.82,1.37,21.7
2023-10-07,Newcastle,Paradip,Panamax,1460,495.72,60.61,1.68,22.07
2023-10-08,Newcastle,Paradip,Panamax,1444,495.28,62.63,1.62,21.99
2023-10-09,Newcastle,Paradip,Panamax,1381,508.61,59.97,1.72,21.77
2023-10-10,Newcastle,Paradip,Panamax,1453,515.04,63.47,1.67,22.15
2023-10-11,Newcastle,Paradip,Panamax,1455,513.44,61.25,0.83,22.09
2023-10-12,Newcastle,Paradip,Panamax,1457,507.66,64.97,1.08,21.88
2023-10-13,Newcastle,Paradip,Panamax,1401,517.28,62.57,1.05,22.21
2023-10-14,Newcastle,Paradip,Panamax,1501,505.32,59.71,1.61,22.8
2023-10-15,Newcastle,Paradip,Panamax,1386,495.15,61.13,1.6,21.71
2023-10-16,Newcastle,Paradip,Panamax,1416,514.91,62.36,1.71,22.04
2023-10-17,Newcastle,Paradip,Panamax,1400,498.91,65.11,1.72,21.78
2023-10-18,Newcastle,Paradip,Panamax,1415,511.5,63.27,1.0,22.01
2023-10-19,Newcastle,Paradip,Panamax,1507,519.87,62.16,1.67,22.66
2023-10-20,Newcastle,Paradip,Panamax,1395,520.08,62.68,1.71,22.02
2023-10-21,Newcastle,Paradip,Panamax,1447,522.08,64.38,1.58,22.27
2023-10-22,Newcastle,Paradip,Panamax,1456,499.32,63.44,0.9,21.99
2023-10-23,Newcastle,Paradip,Panamax,1428,509.58,62.65,0.93,21.76
2023-10-24,Newcastle,Paradip,Panamax,1487,518.27,64.76,1.78,22.82
2023-10-25,Newcastle,Paradip,Panamax,1459,513.67,63.05,1.66,21.91
2023-10-26,Newcastle,Paradip,Panamax,1424,508.26,65.59,1.12,21.95
2023-10-27,Newcastle,Paradip,Panamax,1464,517.62,63.09,1.27,22.52
2023-10-28,Newcastle,Paradip,Panamax,1500,519.32,65.62,0.94,22.59
2023-10-29,Newcastle,Paradip,Panamax,1475,511.53,64.79,0.81,22.1
2023-10-30,Newcastle,Paradip,Panamax,1435,533.09,64.19,0.85,22.35
2023-10-31,Newcastle,Paradip,Panamax,1435,510.53,62.0,1.77,22.39
2023-11-01,Newcastle,Paradip,Panamax,1527,517.36,62.78,0.94,22.52
2023-11-02,Newcastle,Paradip,Panamax,1523,533.43,65.12,1.52,23.03
2023-11-03,Newcastle,Paradip,Panamax,1508,527.0,64.72,1.67,22.89
2023-11-04,Newcastle,Paradip,Panamax,1465,523.29,62.67,0.94,22.11
2023-11-05,Newcastle,Paradip,Panamax,1495,526.83,63.5,1.56,22.38
2023-11-06,Newcastle,Paradip,Panamax,1529,531.72,62.6,1.27,22.97
2023-11-07,Newcastle,Paradip,Panamax,1490,513.44,62.65,1.73,22.38
2023-11-08,Newcastle,Paradip,Panamax,1455,526.82,62.79,1.68,22.57
2023-11-09,Newcastle,Paradip,Panamax,1442,531.05,65.23,1.57,22.23
2023-11-10,Newcastle,Paradip,Panamax,1462,517.17,63.53,1.54,22.09
2023-11-11,Newcastle,Paradip,Panamax,1469,536.79,62.9,1.77,22.54
2023-11-12,Newcastle,Paradip,Panamax,1521,518.72,64.87,1.13,22.8
2023-11-13,Newcastle,Paradip,Panamax,1474,539.43,65.78,0.82,23.03
2023-11-14,Newcastle,Paradip,Panamax,1469,527.49,68.61,1.17,22.24
2023-11-15,Newcastle,Paradip,Panamax,1480,538.54,68.94,1.52,22.37
2023-11-16,Newcastle,Paradip,Panamax,1516,539.37,68.17,1.17,22.97
2023-11-17,Newcastle,Paradip,Panamax,1467,533.56,64.16,1.29,22.53
2023-11-18,Newcastle,Paradip,Panamax,1511,544.05,65.15,1.54,23.18
2023-11-19,Newcastle,Paradip,Panamax,1572,531.74,67.78,1.19,23.24
2023-11-20,Newcastle,Paradip,Panamax,1532,545.76,69.6,1.2,23.41
2023-11-21,Newcastle,Paradip,Panamax,1589,537.33,66.27,1.49,23.46
2023-11-22,Newcastle,Paradip,Panamax,1492,547.16,66.72,0.97,23.27
2023-11-23,Newcastle,Paradip,Panamax,1548,542.61,66.1,1.37,23.25
2023-11-24,Newcastle,Paradip,Panamax,1576,539.67,65.09,1.16,23.4
2023-11-25,Newcastle,Paradip,Panamax,1544,545.89,70.17,0.92,22.98
2023-11-26,Newcastle,Paradip,Panamax,1497,546.31,68.85,0.99,22.76
2023-11-27,Newcastle,Paradip,Panamax,1529,538.96,70.67,1.06,22.89
2023-11-28,Newcastle,Paradip,Panamax,1566,535.72,69.33,1.08,23.36
2023-11-29,Newcastle,Paradip,Panamax,1558,552.81,71.58,0.91,23.07
2023-11-30,Newcastle,Paradip,Panamax,1597,560.61,70.83,1.79,24.02
2023-12-01,Newcastle,Paradip,Panamax,1537,566.62,67.48,1.53,23.55
2023-12-02,Newcastle,Paradip,Panamax,1618,545.44,66.86,1.38,23.35
2023-12-03,Newcastle,Paradip,Panamax,1526,562.92,66.67,0.82,23.16
2023-12-04,Newcastle,Paradip,Panamax,1628,569.66,72.51,0.83,23.68
2023-12-05,Newcastle,Paradip,Panamax,1573,547.34,71.57,1.7,23.7
2023-12-06,Newcastle,Paradip,Panamax,1596,554.04,69.52,1.28,23.79
2023-12-07,Newcastle,Paradip,Panamax,1590,558.33,70.53,1.14,23.66
2023-12-08,Newcastle,Paradip,Panamax,1592,562.56,67.64,1.35,23.92
2023-12-09,Newcastle,Paradip,Panamax,1596,551.68,69.63,1.8,23.8
2023-12-10,Newcastle,Paradip,Panamax,1543,554.54,71.84,1.35,23.03
2023-12-11,Newcastle,Paradip,Panamax,1539,568.11,70.66,1.01,23.75
2023-12-12,Newcastle,Paradip,Panamax,1569,553.51,72.46,1.31,23.65
2023-12-13,Newcastle,Paradip,Panamax,1578,561.45,71.46,1.8,23.34
2023-12-14,Newcastle,Paradip,Panamax,1634,579.25,68.96,1.11,23.72
2023-12-15,Newcastle,Paradip,Panamax,1668,583.23,74.43,1.16,24.19
2023-12-16,Newcastle,Paradip,Panamax,1662,571.87,73.8,1.51,24.21
2023-12-17,Newcastle,Paradip,Panamax,1631,566.6,74.29,1.58,24.34
2023-12-18,Newcastle,Paradip,Panamax,1580,582.66,74.56,1.4,23.61
2023-12-19,Newcastle,Paradip,Panamax,1602,563.66,71.31,0.91,24.03
2023-12-20,Newcastle,Paradip,Panamax,1574,567.69,74.81,1.01,23.31
2023-12-21,Newcastle,Paradip,Panamax,1631,575.35,73.74,1.28,24.18
2023-12-22,Newcastle,Paradip,Panamax,1624,595.1,73.12,0.96,24.24
2023-12-23,Newcastle,Paradip,Panamax,1643,592.97,71.98,1.46,24.34
2023-12-24,Newcastle,Paradip,Panamax,1663,589.54,75.07,1.3,24.46
2023-12-25,Newcastle,Paradip,Panamax,1589,588.07,72.48,1.02,24.28
2023-12-26,Newcastle,Paradip,Panamax,1630,582.54,72.77,1.32,23.74
2023-12-27,Newcastle,Paradip,Panamax,1650,576.36,75.85,1.27,24.1
2023-12-28,Newcastle,Paradip,Panamax,1684,592.23,76.81,1.44,24.34
2023-12-29,Newcastle,Paradip,Panamax,1698,595.45,72.53,1.31,24.68
2023-12-30,Newcastle,Paradip,Panamax,1652,583.23,75.82,1.6,24.06
2023-12-31,Newcastle,Paradip,Panamax,1674,598.52,75.46,0.9,24.66
2024-01-01,Newcastle,Paradip,Panamax,1640,600.78,71.88,1.39,24.55
2024-01-02,Newcastle,Paradip,Panamax,1730,582.17,74.22,0.97,24.43
2024-01-03,Newcastle,Paradip,Panamax,1701,592.64,74.01,1.22,24.52
2024-01-04,Newcastle,Paradip,Panamax,1735,611.14,77.84,1.08,25.5
2024-01-05,Newcastle,Paradip,Panamax,1700,600.18,74.64,1.47,25.15
2024-01-06,Newcastle,Paradip,Panamax,1678,589.14,78.42,1.49,24.3
2024-01-07,Newcastle,Paradip,Panamax,1685,611.77,75.24,1.7,24.78
2024-01-08,Newcastle,Paradip,Panamax,1746,598.61,73.64,1.52,24.84
2024-01-09,Newcastle,Paradip,Panamax,1725,601.05,74.69,1.68,25.26
2024-01-10,Newcastle,Paradip,Panamax,1721,614.48,75.8,1.27,25.08
2024-01-11,Newcastle,Paradip,Panamax,1742,615.04,73.63,1.75,25.34
2024-01-12,Newcastle,Paradip,Panamax,1714,610.45,73.88,1.13,25.02
2024-01-13,Newcastle,Paradip,Panamax,1764,621.44,76.39,1.42,25.48
2024-01-14,Newcastle,Paradip,Panamax,1740,619.4,76.23,1.14,25.16
2024-01-15,Newcastle,Paradip,Panamax,1713,598.69,75.94,1.7,25.03
2024-01-16,Newcastle,Paradip,Panamax,1664,599.38,79.19,1.54,24.53
2024-01-17,Newcastle,Paradip,Panamax,1685,627.52,76.17,1.18,25.3
2024-01-18,Newcastle,Paradip,Panamax,1663,600.23,74.72,1.47,24.27
2024-01-19,Newcastle,Paradip,Panamax,1671,628.61,76.59,1.64,24.76
2024-01-20,Newcastle,Paradip,Panamax,1735,601.85,80.66,1.49,25.35
2024-01-21,Newcastle,Paradip,Panamax,1685,609.28,78.15,1.01,24.73
2024-01-22,Newcastle,Paradip,Panamax,1754,626.67,76.5,1.54,25.58
2024-01-23,Newcastle,Paradip,Panamax,1716,612.2,79.79,1.65,25.18
2024-01-24,Newcastle,Paradip,Panamax,1720,619.23,76.76,1.68,25.3
2024-01-25,Newcastle,Paradip,Panamax,1710,635.3,77.17,1.02,25.33
2024-01-26,Newcastle,Paradip,Panamax,1766,609.82,79.19,1.16,25.43
2024-01-27,Newcastle,Paradip,Panamax,1803,633.13,79.56,0.91,25.88
2024-01-28,Newcastle,Paradip,Panamax,1765,636.4,78.88,1.51,25.26
2024-01-29,Newcastle,Paradip,Panamax,1744,628.86,77.22,1.75,25.73
2024-01-30,Newcastle,Paradip,Panamax,1781,630.91,77.36,1.1,25.79
2024-01-31,Newcastle,Paradip,Panamax,1777,622.39,77.16,1.13,25.44
2024-02-01,Newcastle,Paradip,Panamax,1737,614.53,79.05,1.61,24.78
2024-02-02,Newcastle,Paradip,Panamax,1717,618.43,80.13,1.04,24.9
2024-02-03,Newcastle,Paradip,Panamax,1771,643.98,78.3,0.91,26.03
2024-02-04,Newcastle,Paradip,Panamax,1797,638.73,79.91,1.73,26.13
2024-02-05,Newcastle,Paradip,Panamax,1760,624.0,79.55,0.8,25.32
2024-02-06,Newcastle,Paradip,Panamax,1747,639.96,77.83,1.21,25.69
2024-02-07,Newcastle,Paradip,Panamax,1809,625.5,80.34,1.79,25.55
2024-02-08,Newcastle,Paradip,Panamax,1723,634.03,78.84,1.29,25.01
2024-02-09,Newcastle,Paradip,Panamax,1792,642.81,80.45,1.68,25.57
2024-02-10,Newcastle,Paradip,Panamax,1780,639.01,80.41,1.57,25.73
2024-02-11,Newcastle,Paradip,Panamax,1795,629.76,83.01,1.08,25.57
2024-02-12,Newcastle,Paradip,Panamax,1813,638.47,78.33,0.86,25.98
2024-02-13,Newcastle,Paradip,Panamax,1754,623.94,79.33,1.68,24.98
2024-02-14,Newcastle,Paradip,Panamax,1847,649.34,81.75,1.66,26.38
2024-02-15,Newcastle,Paradip,Panamax,1771,653.03,80.91,1.52,25.84
2024-02-16,Newcastle,Paradip,Panamax,1828,654.47,81.76,1.51,26.32
2024-02-17,Newcastle,Paradip,Panamax,1843,644.46,80.39,1.6,26.12
2024-02-18,Newcastle,Paradip,Panamax,1819,632.64,80.56,1.31,25.54
2024-02-19,Newcastle,Paradip,Panamax,1745,649.27,79.33,1.29,25.64
2024-02-20,Newcastle,Paradip,Panamax,1813,633.9,82.11,0.96,25.66
2024-02-21,Newcastle,Paradip,Panamax,1843,629.47,80.69,1.4,26.15
2024-02-22,Newcastle,Paradip,Panamax,1814,629.35,81.9,0.81,25.7
2024-02-23,Newcastle,Paradip,Panamax,1831,647.23,84.61,0.99,26.35
2024-02-24,Newcastle,Paradip,Panamax,1817,643.0,81.98,0.99,26.32
2024-02-25,Newcastle,Paradip,Panamax,1788,653.5,80.87,0.81,25.87
2024-02-26,Newcastle,Paradip,Panamax,1859,649.78,82.01,1.38,26.31
2024-02-27,Newcastle,Paradip,Panamax,1842,651.09,85.13,1.11,25.92
2024-02-28,Newcastle,Paradip,Panamax,1867,635.33,82.28,1.45,26.06
2024-02-29,Newcastle,Paradip,Panamax,1857,646.3,83.98,1.13,26.44
2024-03-01,Newcastle,Paradip,Panamax,1785,640.68,82.01,1.13,25.59
2024-03-02,Newcastle,Paradip,Panamax,1812,642.83,82.03,1.25,26.08
2024-03-03,Newcastle,Paradip,Panamax,1778,644.2,83.13,1.24,25.58
2024-03-04,Newcastle,Paradip,Panamax,1787,645.88,84.03,1.5,25.83
2024-03-05,Newcastle,Paradip,Panamax,1864,657.54,83.17,1.73,26.13
2024-03-06,Newcastle,Paradip,Panamax,1790,658.58,85.07,1.05,26.39
2024-03-07,Newcastle,Paradip,Panamax,1809,635.49,82.95,1.0,25.74
2024-03-08,Newcastle,Paradip,Panamax,1865,657.74,84.44,1.27,26.79
2024-03-09,Newcastle,Paradip,Panamax,1801,648.3,84.72,1.48,26.25
2024-03-10,Newcastle,Paradip,Panamax,1788,645.9,82.89,1.6,25.61
2024-03-11,Newcastle,Paradip,Panamax,1765,660.9,83.09,1.53,25.61
2024-03-12,Newcastle,Paradip,Panamax,1818,646.59,84.04,1.75,26.42
2024-03-13,Newcastle,Paradip,Panamax,1769,662.9,81.97,1.64,25.97
2024-03-14,Newcastle,Paradip,Panamax,1828,651.84,84.57,0.9,26.34
2024-03-15,Newcastle,Paradip,Panamax,1865,640.97,83.61,1.59,26.28
2024-03-16,Newcastle,Paradip,Panamax,1861,656.11,84.45,1.41,26.43
2024-03-17,Newcastle,Paradip,Panamax,1770,654.26,82.23,1.34,25.56
2024-03-18,Newcastle,Paradip,Panamax,1819,662.13,81.25,1.58,26.31
2024-03-19,Newcastle,Paradip,Panamax,1789,637.97,84.37,1.2,25.87
2024-03-20,Newcastle,Paradip,Panamax,1835,655.69,84.83,1.5,26.38
2024-03-21,Newcastle,Paradip,Panamax,1815,639.94,80.19,1.23,25.82
2024-03-22,Newcastle,Paradip,Panamax,1805,636.95,85.68,1.18,25.81
2024-03-23,Newcastle,Paradip,Panamax,1812,661.73,84.24,0.96,26.27
2024-03-24,Newcastle,Paradip,Panamax,1838,651.3,85.31,0.98,26.42
2024-03-25,Newcastle,Paradip,Panamax,1769,650.45,84.72,0.89,25.9
2024-03-26,Newcastle,Paradip,Panamax,1878,663.27,81.25,1.02,26.23
2024-03-27,Newcastle,Paradip,Panamax,1825,650.17,81.94,1.54,26.29
2024-03-28,Newcastle,Paradip,Panamax,1794,642.6,79.87,1.37,25.58
2024-03-29,Newcastle,Paradip,Panamax,1869,634.5,79.56,1.1,26.42
2024-03-30,Newcastle,Paradip,Panamax,1783,662.08,79.94,0.92,25.94
2024-03-31,Newcastle,Paradip,Panamax,1763,634.11,85.37,1.48,25.33
2024-04-01,Newcastle,Paradip,Panamax,1829,658.64,81.25,1.05,26.15
2024-04-02,Newcastle,Paradip,Panamax,1759,635.21,84.99,1.5,25.46
2024-04-03,Newcastle,Paradip,Panamax,1788,637.49,84.97,1.46,26.11
2024-04-04,Newcastle,Paradip,Panamax,1858,649.48,79.89,0.91,26.51
2024-04-05,Newcastle,Paradip,Panamax,1790,635.2,83.14,1.56,25.42
2024-04-06,Newcastle,Paradip,Panamax,1842,646.72,79.16,1.7,25.93
2024-04-07,Newcastle,Paradip,Panamax,1787,652.07,80.64,1.03,25.85
2024-04-08,Newcastle,Paradip,Panamax,1804,646.63,79.64,1.33,25.58
2024-04-09,Newcastle,Paradip,Panamax,1834,659.04,82.11,1.33,26.04
2024-04-10,Newcastle,Paradip,Panamax,1779,645.61,82.46,1.04,26.13
2024-04-11,Newcastle,Paradip,Panamax,1774,653.51,78.9,1.02,26.12
2024-04-12,Newcastle,Paradip,Panamax,1781,647.49,82.48,1.12,25.58
2024-04-13,Newcastle,Paradip,Panamax,1784,632.55,82.48,0.82,25.4
2024-04-14,Newcastle,Paradip,Panamax,1769,629.33,79.69,1.62,25.13
2024-04-15,Newcastle,Paradip,Panamax,1778,631.0,78.41,1.79,25.5
2024-04-16,Newcastle,Paradip,Panamax,1803,634.24,80.19,0.89,25.43
2024-04-17,Newcastle,Paradip,Panamax,1847,630.36,83.86,0.95,25.62
2024-04-18,Newcastle,Paradip,Panamax,1827,631.75,82.11,1.68,25.71
2024-04-19,Newcastle,Paradip,Panamax,1740,635.77,83.07,0.98,25.28
2024-04-20,Newcastle,Paradip,Panamax,1806,651.98,82.45,1.35,25.78
2024-04-21,Newcastle,Paradip,Panamax,1739,633.2,78.43,0.83,25.7
2024-04-22,Newcastle,Paradip,Panamax,1747,631.4,80.76,1.52,25.38
2024-04-23,Newcastle,Paradip,Panamax,1766,636.37,80.33,0.87,25.34
2024-04-24,Newcastle,Paradip,Panamax,1788,649.31,82.92,1.68,25.54
2024-04-25,Newcastle,Paradip,Panamax,1731,636.86,82.13,0.83,25.16
2024-04-26,Newcastle,Paradip,Panamax,1767,622.5,77.34,1.43,25.45
2024-04-27,Newcastle,Paradip,Panamax,1810,620.71,79.73,1.25,25.94
2024-04-28,Newcastle,Paradip,Panamax,1823,646.23,79.2,1.74,26.29
2024-04-29,Newcastle,Paradip,Panamax,1745,634.27,78.93,1.79,25.23
2024-04-30,Newcastle,Paradip,Panamax,1736,634.6,79.05,1.26,25.62
2024-05-01,Newcastle,Paradip,Panamax,1729,638.47,80.41,1.37,25.21
2024-05-02,Newcastle,Paradip,Panamax,1774,643.68,78.52,1.4,26.02
2024-05-03,Newcastle,Paradip,Panamax,1782,636.27,81.34,1.15,25.57
2024-05-04,Newcastle,Paradip,Panamax,1723,616.81,77.72,1.56,24.8
2024-05-05,Newcastle,Paradip,Panamax,1724,618.24,76.46,1.1,25.19
2024-05-06,Newcastle,Paradip,Panamax,1759,637.09,77.13,1.31,25.75
2024-05-07,Newcastle,Paradip,Panamax,1761,620.37,77.66,1.6,25.16
2024-05-08,Newcastle,Paradip,Panamax,1778,609.83,76.18,1.36,25.22
2024-05-09,Newcastle,Paradip,Panamax,1754,630.77,77.33,1.3,25.5
2024-05-10,Newcastle,Paradip,Panamax,1717,632.22,76.17,1.47,25.24
2024-05-11,Newcastle,Paradip,Panamax,1743,629.32,79.59,1.62,25.62
2024-05-12,Newcastle,Paradip,Panamax,1745,622.49,77.71,1.03,25.03
2024-05-13,Newcastle,Paradip,Panamax,1725,620.68,76.12,1.64,25.11
2024-05-14,Newcastle,Paradip,Panamax,1700,627.43,80.5,1.09,25.04
2024-05-15,Newcastle,Paradip,Panamax,1710,611.18,80.28,1.05,24.58
2024-05-16,Newcastle,Paradip,Panamax,1780,603.33,77.44,1.64,25.65
2024-05-17,Newcastle,Paradip,Panamax,1791,617.56,74.38,1.7,25.18
2024-05-18,Newcastle,Paradip,Panamax,1704,619.16,74.85,1.74,24.68
2024-05-19,Newcastle,Paradip,Panamax,1731,603.35,75.48,1.22,25.33
2024-05-20,Newcastle,Paradip,Panamax,1778,621.93,76.2,1.48,25.35
2024-05-21,Newcastle,Paradip,Panamax,1740,617.55,78.34,1.39,25.33
2024-05-22,Newcastle,Paradip,Panamax,1726,621.93,75.46,0.88,24.88
2024-05-23,Newcastle,Paradip,Panamax,1786,608.2,75.64,1.15,25.06
2024-05-24,Newcastle,Paradip,Panamax,1699,596.19,78.78,1.05,24.8
2024-05-25,Newcastle,Paradip,Panamax,1695,612.71,76.92,1.77,24.79
2024-05-26,Newcastle,Paradip,Panamax,1731,603.99,75.69,1.18,25.29
2024-05-27,Newcastle,Paradip,Panamax,1656,599.47,73.51,1.06,24.22
2024-05-28,Newcastle,Paradip,Panamax,1754,595.28,76.64,1.46,25.02
2024-05-29,Newcastle,Paradip,Panamax,1654,588.49,77.19,1.25,24.21
2024-05-30,Newcastle,Paradip,Panamax,1745,591.01,71.88,1.04,25.17
2024-05-31,Newcastle,Paradip,Panamax,1745,597.09,74.6,0.83,24.71
2024-06-01,Newcastle,Paradip,Panamax,1709,604.46,72.55,3.23,24.48
2024-06-02,Newcastle,Paradip,Panamax,1656,598.22,71.33,2.93,24.35
2024-06-03,Newcastle,Paradip,Panamax,1741,602.54,74.42,3.41,25.3
2024-06-04,Newcastle,Paradip,Panamax,1677,600.5,74.16,4.04,24.26
2024-06-05,Newcastle,Paradip,Panamax,1738,582.16,73.95,3.17,24.64
2024-06-06,Newcastle,Paradip,Panamax,1630,593.45,75.82,4.11,24.5
2024-06-07,Newcastle,Paradip,Panamax,1671,591.11,71.27,3.72,24.86
2024-06-08,Newcastle,Paradip,Panamax,1635,604.33,70.36,3.04,24.23
2024-06-09,Newcastle,Paradip,Panamax,1707,591.29,70.38,2.85,24.79
2024-06-10,Newcastle,Paradip,Panamax,1688,582.89,74.47,3.02,24.73
2024-06-11,Newcastle,Paradip,Panamax,1708,572.44,72.4,2.79,24.29
2024-06-12,Newcastle,Paradip,Panamax,1621,592.42,74.42,3.36,24.47
2024-06-13,Newcastle,Paradip,Panamax,1614,589.61,69.95,3.36,23.98
2024-06-14,Newcastle,Paradip,Panamax,1608,583.39,69.19,2.98,24.25
2024-06-15,Newcastle,Paradip,Panamax,1693,575.65,70.85,4.17,24.18
2024-06-16,Newcastle,Paradip,Panamax,1683,593.0,69.2,3.96,24.74
2024-06-17,Newcastle,Paradip,Panamax,1599,573.82,72.94,3.56,23.88
2024-06-18,Newcastle,Paradip,Panamax,1662,591.41,72.47,2.96,24.06
2024-06-19,Newcastle,Paradip,Panamax,1679,588.29,73.52,3.75,24.65
2024-06-20,Newcastle,Paradip,Panamax,1700,571.77,69.01,3.39,24.24
2024-06-21,Newcastle,Paradip,Panamax,1616,575.53,68.99,3.7,23.61
2024-06-22,Newcastle,Paradip,Panamax,1684,567.17,68.27,3.88,23.99
2024-06-23,Newcastle,Paradip,Panamax,1687,573.05,70.07,3.42,24.12
2024-06-24,Newcastle,Paradip,Panamax,1638,573.59,69.54,3.22,24.4
2024-06-25,Newcastle,Paradip,Panamax,1653,566.2,70.22,4.05,23.99
2024-06-26,Newcastle,Paradip,Panamax,1571,577.75,68.39,2.84,24.11
2024-06-27,Newcastle,Paradip,Panamax,1587,564.54,67.45,2.72,23.9
2024-06-28,Newcastle,Paradip,Panamax,1605,573.33,67.83,2.76,23.59
2024-06-29,Newcastle,Paradip,Panamax,1608,560.58,69.77,3.65,23.57
2024-06-30,Newcastle,Paradip,Panamax,1665,568.96,70.7,3.03,24.09
2024-07-01,Newcastle,Paradip,Panamax,1627,565.25,71.02,3.59,23.93
2024-07-02,Newcastle,Paradip,Panamax,1656,557.44,66.22,3.65,24.16
2024-07-03,Newcastle,Paradip,Panamax,1647,574.07,70.79,3.72,23.77
2024-07-04,Newcastle,Paradip,Panamax,1617,569.02,68.17,3.67,23.93
2024-07-05,Newcastle,Paradip,Panamax,1636,564.67,69.91,2.57,24.14
2024-07-06,Newcastle,Paradip,Panamax,1632,566.86,66.0,3.52,24.34
2024-07-07,Newcastle,Paradip,Panamax,1568,559.68,68.45,3.65,23.75
2024-07-08,Newcastle,Paradip,Panamax,1573,544.86,69.04,4.14,23.04
2024-07-09,Newcastle,Paradip,Panamax,1599,562.94,65.0,3.37,23.41
2024-07-10,Newcastle,Paradip,Panamax,1544,548.39,65.42,2.82,23.28
2024-07-11,Newcastle,Paradip,Panamax,1580,544.35,66.93,3.98,23.69
2024-07-12,Newcastle,Paradip,Panamax,1556,557.64,64.39,4.14,23.14
2024-07-13,Newcastle,Paradip,Panamax,1630,544.92,69.15,2.97,24.05
2024-07-14,Newcastle,Paradip,Panamax,1546,541.45,64.54,4.07,23.19
2024-07-15,Newcastle,Paradip,Panamax,1596,534.97,63.79,2.82,23.08
2024-07-16,Newcastle,Paradip,Panamax,1531,543.47,63.4,3.54,23.16
2024-07-17,Newcastle,Paradip,Panamax,1607,541.51,64.01,3.39,23.66
2024-07-18,Newcastle,Paradip,Panamax,1528,557.84,67.81,4.01,23.3
2024-07-19,Newcastle,Paradip,Panamax,1511,529.52,68.42,3.82,22.78
2024-07-20,Newcastle,Paradip,Panamax,1540,534.88,67.35,3.79,22.65
2024-07-21,Newcastle,Paradip,Panamax,1517,529.07,67.27,2.64,22.45
2024-07-22,Newcastle,Paradip,Panamax,1505,533.5,62.64,4.05,22.85
2024-07-23,Newcastle,Paradip,Panamax,1537,552.58,64.55,3.13,22.95
2024-07-24,Newcastle,Paradip,Panamax,1600,539.89,63.02,3.75,23.42
2024-07-25,Newcastle,Paradip,Panamax,1565,550.71,65.91,3.46,23.09
2024-07-26,Newcastle,Paradip,Panamax,1496,540.44,64.27,3.97,22.69
2024-07-27,Newcastle,Paradip,Panamax,1509,538.46,67.25,4.18,23.05
2024-07-28,Newcastle,Paradip,Panamax,1551,549.07,61.53,3.88,22.9
2024-07-29,Newcastle,Paradip,Panamax,1597,527.63,65.02,3.79,22.89
2024-07-30,Newcastle,Paradip,Panamax,1521,527.9,63.63,2.7,23.18
2024-07-31,Newcastle,Paradip,Panamax,1541,536.39,65.39,3.27,23.21
2024-08-01,Newcastle,Paradip,Panamax,1511,531.32,61.3,2.84,22.57
2024-08-02,Newcastle,Paradip,Panamax,1557,541.08,61.1,2.52,23.1
2024-08-03,Newcastle,Paradip,Panamax,1544,517.36,65.53,3.38,22.81
2024-08-04,Newcastle,Paradip,Panamax,1543,536.44,63.65,4.05,22.99
2024-08-05,Newcastle,Paradip,Panamax,1495,514.51,65.34,3.53,22.88
2024-08-06,Newcastle,Paradip,Panamax,1582,515.01,64.02,4.07,22.93
2024-08-07,Newcastle,Paradip,Panamax,1582,536.96,60.61,4.11,23.22
2024-08-08,Newcastle,Paradip,Panamax,1539,541.48,60.72,2.72,22.75
2024-08-09,Newcastle,Paradip,Panamax,1517,518.44,65.16,4.02,22.47
2024-08-10,Newcastle,Paradip,Panamax,1573,528.76,63.81,2.94,22.79
2024-08-11,Newcastle,Paradip,Panamax,1545,533.85,64.1,2.67,23.42
2024-08-12,Newcastle,Paradip,Panamax,1531,514.46,60.64,2.61,22.69
2024-08-13,Newcastle,Paradip,Panamax,1535,528.79,61.43,3.03,23.21
2024-08-14,Newcastle,Paradip,Panamax,1504,532.61,59.75,3.07,22.9
2024-08-15,Newcastle,Paradip,Panamax,1554,524.65,65.35,4.15,22.96
2024-08-16,Newcastle,Paradip,Panamax,1479,531.59,62.65,2.64,22.63
2024-08-17,Newcastle,Paradip,Panamax,1493,530.33,61.68,3.37,22.38
2024-08-18,Newcastle,Paradip,Panamax,1458,511.05,62.18,3.74,22.27
2024-08-19,Newcastle,Paradip,Panamax,1507,523.48,62.72,3.03,22.35
2024-08-20,Newcastle,Paradip,Panamax,1494,529.47,64.35,3.44,22.74
2024-08-21,Newcastle,Paradip,Panamax,1542,518.96,64.92,3.15,23.24
2024-08-22,Newcastle,Paradip,Panamax,1497,521.61,59.02,3.48,22.29
2024-08-23,Newcastle,Paradip,Panamax,1485,519.06,60.47,2.87,22.37
2024-08-24,Newcastle,Paradip,Panamax,1492,523.0,63.01,3.83,22.92
2024-08-25,Newcastle,Paradip,Panamax,1530,517.46,63.74,3.67,23.03
2024-08-26,Newcastle,Paradip,Panamax,1489,514.57,63.84,2.92,22.75
2024-08-27,Newcastle,Paradip,Panamax,1493,520.08,62.24,3.34,22.3
2024-08-28,Newcastle,Paradip,Panamax,1495,507.48,63.69,4.05,22.53
2024-08-29,Newcastle,Paradip,Panamax,1497,531.5,62.1,3.24,22.88
2024-08-30,Newcastle,Paradip,Panamax,1528,507.1,63.1,3.69,22.58
2024-08-31,Newcastle,Paradip,Panamax,1475,507.52,64.21,3.64,22.06
2024-09-01,Newcastle,Paradip,Panamax,1510,503.14,60.33,3.37,22.4
2024-09-02,Newcastle,Paradip,Panamax,1544,508.09,63.38,2.94,22.82
2024-09-03,Newcastle,Paradip,Panamax,1566,529.65,60.27,2.7,23.27
2024-09-04,Newcastle,Paradip,Panamax,1480,527.34,62.23,3.78,22.61
2024-09-05,Newcastle,Paradip,Panamax,1499,513.42,62.43,3.48,22.77
2024-09-06,Newcastle,Paradip,Panamax,1563,524.32,61.46,3.29,22.91
2024-09-07,Newcastle,Paradip,Panamax,1467,501.82,61.76,3.93,22.28
2024-09-08,Newcastle,Paradip,Panamax,1511,503.24,63.71,2.82,22.35
2024-09-09,Newcastle,Paradip,Panamax,1514,528.19,59.28,3.58,22.41
2024-09-10,Newcastle,Paradip,Panamax,1491,522.46,58.39,3.69,22.31
2024-09-11,Newcastle,Paradip,Panamax,1451,517.0,59.46,3.79,22.42
2024-09-12,Newcastle,Paradip,Panamax,1489,523.7,58.84,3.61,22.38
2024-09-13,Newcastle,Paradip,Panamax,1499,501.25,61.72,2.58,22.6
2024-09-14,Newcastle,Paradip,Panamax,1551,527.42,62.02,2.88,22.84
2024-09-15,Newcastle,Paradip,Panamax,1565,515.36,60.0,3.14,22.92
2024-09-16,Newcastle,Paradip,Panamax,1454,517.71,58.93,3.8,22.6
2024-09-17,Newcastle,Paradip,Panamax,1520,508.92,58.97,3.9,22.73
2024-09-18,Newcastle,Paradip,Panamax,1488,519.09,63.52,3.85,22.23
2024-09-19,Newcastle,Paradip,Panamax,1549,526.36,58.45,3.07,22.86
2024-09-20,Newcastle,Paradip,Panamax,1499,528.77,61.96,3.89,22.56
2024-09-21,Newcastle,Paradip,Panamax,1545,508.69,63.02,2.66,22.86
2024-09-22,Newcastle,Paradip,Panamax,1509,509.64,63.72,3.03,22.2
2024-09-23,Newcastle,Paradip,Panamax,1540,528.15,60.11,3.88,22.69
2024-09-24,Newcastle,Paradip,Panamax,1455,523.88,60.73,3.1,22.18
2024-09-25,Newcastle,Paradip,Panamax,1547,513.43,60.3,3.32,22.42
2024-09-26,Newcastle,Paradip,Panamax,1479,529.54,62.17,3.01,22.3
2024-09-27,Newcastle,Paradip,Panamax,1531,523.16,59.68,3.29,23.13
2024-09-28,Newcastle,Paradip,Panamax,1552,520.88,62.17,2.6,23.23
2024-09-29,Newcastle,Paradip,Panamax,1492,515.95,63.0,3.6,22.78
2024-09-30,Newcastle,Paradip,Panamax,1517,522.55,58.97,3.06,22.35
2024-10-01,Newcastle,Paradip,Panamax,1520,533.04,60.63,1.27,22.78
2024-10-02,Newcastle,Paradip,Panamax,1497,533.52,58.86,1.6,22.99
2024-10-03,Newcastle,Paradip,Panamax,1517,524.5,59.54,1.6,22.7
2024-10-04,Newcastle,Paradip,Panamax,1510,527.83,63.87,1.22,22.52
2024-10-05,Newcastle,Paradip,Panamax,1573,537.2,63.91,1.64,23.31
2024-10-06,Newcastle,Paradip,Panamax,1572,528.66,63.23,1.33,22.79
2024-10-07,Newcastle,Paradip,Panamax,1489,508.65,60.07,1.74,22.18
2024-10-08,Newcastle,Paradip,Panamax,1478,519.78,61.96,0.92,22.4
2024-10-09,Newcastle,Paradip,Panamax,1593,518.13,62.17,1.41,23.48
2024-10-10,Newcastle,Paradip,Panamax,1540,538.2,64.57,1.55,23.27
2024-10-11,Newcastle,Paradip,Panamax,1552,536.28,63.44,1.73,22.85
2024-10-12,Newcastle,Paradip,Panamax,1516,531.87,65.31,1.42,23.18
2024-10-13,Newcastle,Paradip,Panamax,1505,536.25,65.4,0.84,22.48
2024-10-14,Newcastle,Paradip,Panamax,1561,534.6,64.38,1.72,22.97
2024-10-15,Newcastle,Paradip,Panamax,1541,523.49,64.13,1.29,22.6
2024-10-16,Newcastle,Paradip,Panamax,1548,544.24,62.95,1.75,23.43
2024-10-17,Newcastle,Paradip,Panamax,1523,518.47,62.23,1.75,22.79
2024-10-18,Newcastle,Paradip,Panamax,1501,528.54,60.68,1.28,22.54
2024-10-19,Newcastle,Paradip,Panamax,1512,541.31,64.94,1.37,22.98
2024-10-20,Newcastle,Paradip,Panamax,1563,524.68,61.67,1.67,22.79
2024-10-21,Newcastle,Paradip,Panamax,1568,526.21,65.22,1.2,23.47
2024-10-22,Newcastle,Paradip,Panamax,1559,530.63,65.21,0.87,23.0
2024-10-23,Newcastle,Paradip,Panamax,1525,532.3,66.58,1.25,23.03
2024-10-24,Newcastle,Paradip,Panamax,1579,548.96,61.44,1.14,23.11
2024-10-25,Newcastle,Paradip,Panamax,1596,531.35,61.37,1.6,22.96
2024-10-26,Newcastle,Paradip,Panamax,1572,531.98,66.19,0.87,23.05
2024-10-27,Newcastle,Paradip,Panamax,1512,535.56,65.75,1.06,22.88
2024-10-28,Newcastle,Paradip,Panamax,1632,525.0,61.91,1.6,23.21
2024-10-29,Newcastle,Paradip,Panamax,1553,549.69,66.26,1.13,23.35
2024-10-30,Newcastle,Paradip,Panamax,1604,555.09,62.55,1.04,23.65
2024-10-31,Newcastle,Paradip,Panamax,1564,530.95,67.54,0.89,22.8
2024-11-01,Newcastle,Paradip,Panamax,1573,529.17,65.48,1.08,22.85
2024-11-02,Newcastle,Paradip,Panamax,1563,555.75,63.4,1.55,23.49
2024-11-03,Newcastle,Paradip,Panamax,1557,536.99,65.42,1.49,23.39
2024-11-04,Newcastle,Paradip,Panamax,1560,550.23,63.89,1.2,23.69
2024-11-05,Newcastle,Paradip,Panamax,1559,543.16,62.69,1.12,23.45
2024-11-06,Newcastle,Paradip,Panamax,1556,535.91,67.95,1.39,22.93
2024-11-07,Newcastle,Paradip,Panamax,1631,537.42,67.3,1.44,23.44
2024-11-08,Newcastle,Paradip,Panamax,1636,537.15,68.32,0.8,23.3
2024-11-09,Newcastle,Paradip,Panamax,1592,556.64,67.17,1.28,23.55
2024-11-10,Newcastle,Paradip,Panamax,1591,550.59,63.64,1.47,23.15
2024-11-11,Newcastle,Paradip,Panamax,1649,542.26,69.13,1.6,23.5
2024-11-12,Newcastle,Paradip,Panamax,1634,541.19,64.08,1.74,23.6
2024-11-13,Newcastle,Paradip,Panamax,1606,563.04,68.16,0.9,24.09
2024-11-14,Newcastle,Paradip,Panamax,1609,551.75,68.91,1.02,23.37
2024-11-15,Newcastle,Paradip,Panamax,1616,560.51,69.43,1.5,23.82
2024-11-16,Newcastle,Paradip,Panamax,1576,559.44,65.16,1.77,23.74
2024-11-17,Newcastle,Paradip,Panamax,1661,563.04,70.54,1.11,24.14
2024-11-18,Newcastle,Paradip,Panamax,1603,555.56,65.41,0.92,23.46
2024-11-19,Newcastle,Paradip,Panamax,1671,560.52,70.84,1.26,24.22
2024-11-20,Newcastle,Paradip,Panamax,1671,570.45,65.31,1.76,24.26
2024-11-21,Newcastle,Paradip,Panamax,1637,569.94,68.5,0.95,23.75
2024-11-22,Newcastle,Paradip,Panamax,1667,558.3,69.79,1.49,24.0
2024-11-23,Newcastle,Paradip,Panamax,1623,566.12,70.47,0.85,23.79
2024-11-24,Newcastle,Paradip,Panamax,1678,583.2,67.02,1.04,24.71
2024-11-25,Newcastle,Paradip,Panamax,1663,584.51,68.69,1.16,23.99
2024-11-26,Newcastle,Paradip,Panamax,1635,571.25,67.13,1.67,24.03
2024-11-27,Newcastle,Paradip,Panamax,1648,586.05,70.22,1.06,24.24
2024-11-28,Newcastle,Paradip,Panamax,1621,570.72,70.06,1.54,24.13
2024-11-29,Newcastle,Paradip,Panamax,1626,572.0,69.31,1.05,23.93
2024-11-30,Newcastle,Paradip,Panamax,1640,582.36,71.53,1.36,24.2
2024-12-01,Newcastle,Paradip,Panamax,1732,572.62,70.96,1.72,24.7
2024-12-02,Newcastle,Paradip,Panamax,1739,578.6,70.86,1.45,25.05
2024-12-03,Newcastle,Paradip,Panamax,1692,571.35,69.97,0.9,24.41
2024-12-04,Newcastle,Paradip,Panamax,1647,571.77,69.67,0.95,24.16
2024-12-05,Newcastle,Paradip,Panamax,1727,586.32,68.7,0.82,24.92
2024-12-06,Newcastle,Paradip,Panamax,1705,591.41,73.73,1.61,24.31
2024-12-07,Newcastle,Paradip,Panamax,1695,578.61,72.89,1.64,24.56
2024-12-08,Newcastle,Paradip,Panamax,1727,599.95,72.34,1.17,25.02
2024-12-09,Newcastle,Paradip,Panamax,1748,582.03,73.83,0.84,24.89
2024-12-10,Newcastle,Paradip,Panamax,1728,583.3,68.89,0.89,24.88
2024-12-11,Newcastle,Paradip,Panamax,1662,590.41,74.78,1.43,24.61
2024-12-12,Newcastle,Paradip,Panamax,1657,604.34,74.63,0.99,24.29
2024-12-13,Newcastle,Paradip,Panamax,1757,609.41,71.4,0.89,24.96
2024-12-14,Newcastle,Paradip,Panamax,1747,587.49,74.57,0.9,24.61
2024-12-15,Newcastle,Paradip,Panamax,1783,590.78,70.36,0.82,25.1
2024-12-16,Newcastle,Paradip,Panamax,1669,612.4,75.75,0.84,24.95
2024-12-17,Newcastle,Paradip,Panamax,1746,597.52,71.72,1.05,24.86
2024-12-18,Newcastle,Paradip,Panamax,1741,607.96,72.69,1.15,25.45
2024-12-19,Newcastle,Paradip,Panamax,1695,608.52,75.33,1.45,24.84
2024-12-20,Newcastle,Paradip,Panamax,1685,613.6,75.44,1.4,25.22
2024-12-21,Newcastle,Paradip,Panamax,1684,619.47,76.37,1.71,25.07
2024-12-22,Newcastle,Paradip,Panamax,1725,593.87,71.15,1.0,24.74
2024-12-23,Newcastle,Paradip,Panamax,1770,602.03,76.82,1.06,25.05
2024-12-24,Newcastle,Paradip,Panamax,1751,611.01,72.92,1.39,25.07
2024-12-25,Newcastle,Paradip,Panamax,1801,599.66,75.52,1.06,25.54
2024-12-26,Newcastle,Paradip,Panamax,1720,615.44,72.11,1.19,24.86
2024-12-27,Newcastle,Paradip,Panamax,1781,616.86,73.26,1.4,25.71
2024-12-28,Newcastle,Paradip,Panamax,1725,623.14,75.17,1.76,25.36
2024-12-29,Newcastle,Paradip,Panamax,1803,619.85,77.89,1.39,25.27
2024-12-30,Newcastle,Paradip,Panamax,1748,615.32,72.63,1.32,25.28
2024-12-31,Newcastle,Paradip,Panamax,1732,612.03,73.49,1.34,25.37
2025-01-01,Newcastle,Paradip,Panamax,1816,606.94,77.85,1.27,25.7
2025-01-02,Newcastle,Paradip,Panamax,1752,627.54,77.99,1.51,25.07
2025-01-03,Newcastle,Paradip,Panamax,1788,622.1,78.63,1.72,25.2
2025-01-04,Newcastle,Paradip,Panamax,1800,637.23,74.44,0.89,25.73
2025-01-05,Newcastle,Paradip,Panamax,1837,637.69,78.93,1.22,26.09
2025-01-06,Newcastle,Paradip,Panamax,1782,637.29,75.41,1.42,25.96
2025-01-07,Newcastle,Paradip,Panamax,1811,638.02,76.48,1.78,25.78
2025-01-08,Newcastle,Paradip,Panamax,1854,628.82,78.35,0.8,26.3
2025-01-09,Newcastle,Paradip,Panamax,1754,632.02,78.35,1.0,25.69
2025-01-10,Newcastle,Paradip,Panamax,1783,627.79,77.91,1.2,25.64
2025-01-11,Newcastle,Paradip,Panamax,1823,615.65,78.83,0.82,25.31
2025-01-12,Newcastle,Paradip,Panamax,1799,634.31,79.23,0.96,25.79
2025-01-13,Newcastle,Paradip,Panamax,1815,638.67,75.45,1.05,26.12
2025-01-14,Newcastle,Paradip,Panamax,1798,634.55,75.42,1.64,25.45
2025-01-15,Newcastle,Paradip,Panamax,1792,645.06,80.57,1.62,25.7
2025-01-16,Newcastle,Paradip,Panamax,1866,629.54,77.79,1.72,26.26
2025-01-17,Newcastle,Paradip,Panamax,1887,633.62,80.29,1.64,26.21
2025-01-18,Newcastle,Paradip,Panamax,1836,638.44,76.81,1.46,26.18
2025-01-19,Newcastle,Paradip,Panamax,1821,644.26,77.45,1.46,25.69
2025-01-20,Newcastle,Paradip,Panamax,1864,645.98,78.83,1.09,26.6
2025-01-21,Newcastle,Paradip,Panamax,1860,640.89,78.2,1.51,25.87
2025-01-22,Newcastle,Paradip,Panamax,1786,645.07,80.31,1.75,25.44
2025-01-23,Newcastle,Paradip,Panamax,1874,647.33,80.53,1.26,26.45
2025-01-24,Newcastle,Paradip,Panamax,1891,632.68,81.49,1.03,26.21
2025-01-25,Newcastle,Paradip,Panamax,1868,655.88,81.8,1.23,26.66
2025-01-26,Newcastle,Paradip,Panamax,1865,655.92,82.65,0.84,26.15
2025-01-27,Newcastle,Paradip,Panamax,1817,636.4,81.0,0.98,25.59
2025-01-28,Newcastle,Paradip,Panamax,1839,662.24,79.09,0.83,26.28
2025-01-29,Newcastle,Paradip,Panamax,1892,648.08,78.58,0.83,26.49
2025-01-30,Newcastle,Paradip,Panamax,1817,661.31,80.77,1.62,26.12
2025-01-31,Newcastle,Paradip,Panamax,1817,651.3,79.45,1.04,25.75
2025-02-01,Newcastle,Paradip,Panamax,1812,640.1,80.98,1.02,25.79
2025-02-02,Newcastle,Paradip,Panamax,1817,639.93,78.13,0.95,25.71
2025-02-03,Newcastle,Paradip,Panamax,1816,644.74,81.95,1.75,26.18
2025-02-04,Newcastle,Paradip,Panamax,1861,639.57,79.03,1.04,26.49
2025-02-05,Newcastle,Paradip,Panamax,1917,648.04,78.51,1.42,26.9
2025-02-06,Newcastle,Paradip,Panamax,1854,655.84,81.7,1.76,26.21
2025-02-07,Newcastle,Paradip,Panamax,1925,654.73,79.56,1.36,26.68
2025-02-08,Newcastle,Paradip,Panamax,1936,644.65,83.98,1.08,26.68
2025-02-09,Newcastle,Paradip,Panamax,1887,658.71,83.24,1.07,26.43
2025-02-10,Newcastle,Paradip,Panamax,1904,670.86,79.11,1.43,26.71
2025-02-11,Newcastle,Paradip,Panamax,1873,663.74,79.61,1.59,26.2
2025-02-12,Newcastle,Paradip,Panamax,1908,671.0,80.31,1.5,27.04
2025-02-13,Newcastle,Paradip,Panamax,1913,657.66,79.85,1.72,26.43
2025-02-14,Newcastle,Paradip,Panamax,1837,660.48,79.39,1.37,26.41
2025-02-15,Newcastle,Paradip,Panamax,1913,649.81,79.98,1.67,26.92
2025-02-16,Newcastle,Paradip,Panamax,1855,657.78,79.57,1.09,26.2
2025-02-17,Newcastle,Paradip,Panamax,1904,666.72,83.03,1.37,27.02
2025-02-18,Newcastle,Paradip,Panamax,1890,649.27,84.28,1.71,26.59
2025-02-19,Newcastle,Paradip,Panamax,1916,662.5,81.88,1.47,26.93
2025-02-20,Newcastle,Paradip,Panamax,1840,667.98,80.01,1.05,26.74
2025-02-21,Newcastle,Paradip,Panamax,1865,674.13,83.4,0.85,27.03
2025-02-22,Newcastle,Paradip,Panamax,1955,669.53,83.72,1.05,26.73
2025-02-23,Newcastle,Paradip,Panamax,1960,666.16,85.31,1.24,27.4
2025-02-24,Newcastle,Paradip,Panamax,1912,656.43,84.38,1.44,26.74
2025-02-25,Newcastle,Paradip,Panamax,1957,676.3,82.2,1.18,27.21
2025-02-26,Newcastle,Paradip,Panamax,1926,662.99,82.44,0.85,26.65
2025-02-27,Newcastle,Paradip,Panamax,1896,667.35,79.77,1.1,26.91
2025-02-28,Newcastle,Paradip,Panamax,1957,656.26,83.98,1.23,26.96
2025-03-01,Newcastle,Paradip,Panamax,1939,672.71,81.01,1.7,26.74
2025-03-02,Newcastle,Paradip,Panamax,1911,659.68,82.76,0.91,27.08
2025-03-03,Newcastle,Paradip,Panamax,1873,666.71,82.91,0.99,26.48
2025-03-04,Newcastle,Paradip,Panamax,1875,678.31,81.72,1.32,27.06
2025-03-05,Newcastle,Paradip,Panamax,1955,666.93,80.56,1.1,26.88
2025-03-06,Newcastle,Paradip,Panamax,1881,676.16,85.49,1.23,26.4
2025-03-07,Newcastle,Paradip,Panamax,1960,667.27,83.02,1.12,26.79
2025-03-08,Newcastle,Paradip,Panamax,1901,676.03,82.52,1.52,26.77
2025-03-09,Newcastle,Paradip,Panamax,1920,654.89,80.97,1.59,26.76
2025-03-10,Newcastle,Paradip,Panamax,1883,676.82,82.09,0.96,26.97
2025-03-11,Newcastle,Paradip,Panamax,1947,668.87,85.33,1.74,27.21
2025-03-12,Newcastle,Paradip,Panamax,1854,658.23,80.24,1.24,26.63
2025-03-13,Newcastle,Paradip,Panamax,1858,677.73,82.85,1.72,26.33
2025-03-14,Newcastle,Paradip,Panamax,1918,665.04,84.03,0.96,27.2
2025-03-15,Newcastle,Paradip,Panamax,1859,672.7,79.77,1.24,26.5
2025-03-16,Newcastle,Paradip,Panamax,1962,681.55,82.03,0.85,26.97
2025-03-17,Newcastle,Paradip,Panamax,1919,657.54,85.06,0.95,26.83
2025-03-18,Newcastle,Paradip,Panamax,1938,664.64,83.89,1.25,27.36
2025-03-19,Newcastle,Paradip,Panamax,1923,660.51,83.28,1.55,26.52
2025-03-20,Newcastle,Paradip,Panamax,1872,653.93,81.87,1.05,26.16
2025-03-21,Newcastle,Paradip,Panamax,1902,660.37,81.21,0.98,26.39
2025-03-22,Newcastle,Paradip,Panamax,1965,667.22,85.31,1.59,27.52
2025-03-23,Newcastle,Paradip,Panamax,1922,666.06,83.74,0.86,26.78
2025-03-24,Newcastle,Paradip,Panamax,1965,667.13,82.94,1.54,26.98
2025-03-25,Newcastle,Paradip,Panamax,1895,652.29,81.67,1.44,26.43
2025-03-26,Newcastle,Paradip,Panamax,1941,664.62,79.81,1.44,27.18
2025-03-27,Newcastle,Paradip,Panamax,1959,677.73,83.5,1.27,27.24
2025-03-28,Newcastle,Paradip,Panamax,1906,659.92,80.2,0.84,26.77
2025-03-29,Newcastle,Paradip,Panamax,1964,654.23,83.6,1.48,27.31
2025-03-30,Newcastle,Paradip,Panamax,1934,672.46,81.34,1.71,27.3
2025-03-31,Newcastle,Paradip,Panamax,1907,678.73,83.85,1.3,26.88
2025-04-01,Newcastle,Paradip,Panamax,1922,669.9,80.96,1.53,26.78
2025-04-02,Newcastle,Paradip,Panamax,1900,657.12,83.19,1.04,26.5
2025-04-03,Newcastle,Paradip,Panamax,1911,656.95,80.1,1.49,27.0
2025-04-04,Newcastle,Paradip,Panamax,1854,652.7,79.68,1.79,26.02
2025-04-05,Newcastle,Paradip,Panamax,1933,654.68,84.02,0.99,26.77
2025-04-06,Newcastle,Paradip,Panamax,1945,664.7,79.18,1.62,26.68
2025-04-07,Newcastle,Paradip,Panamax,1846,651.71,81.05,0.96,26.63
2025-04-08,Newcastle,Paradip,Panamax,1913,658.96,83.95,1.58,26.63
2025-04-09,Newcastle,Paradip,Panamax,1918,667.28,81.67,1.13,27.03
2025-04-10,Newcastle,Paradip,Panamax,1903,647.56,79.75,1.4,26.44
2025-04-11,Newcastle,Paradip,Panamax,1937,674.51,79.62,0.85,27.26
2025-04-12,Newcastle,Paradip,Panamax,1880,645.27,81.83,1.65,26.01
2025-04-13,Newcastle,Paradip,Panamax,1846,659.13,79.68,1.42,26.63
2025-04-14,Newcastle,Paradip,Panamax,1943,656.04,79.21,1.21,26.58
2025-04-15,Newcastle,Paradip,Panamax,1912,662.0,79.51,1.32,27.16
2025-04-16,Newcastle,Paradip,Panamax,1929,660.82,78.86,1.23,27.05
2025-04-17,Newcastle,Paradip,Panamax,1904,652.62,81.82,0.93,26.31
2025-04-18,Newcastle,Paradip,Panamax,1874,670.06,83.08,1.27,26.9
2025-04-19,Newcastle,Paradip,Panamax,1834,659.08,79.71,1.69,25.98
2025-04-20,Newcastle,Paradip,Panamax,1934,659.68,77.44,1.26,27.01
2025-04-21,Newcastle,Paradip,Panamax,1876,664.07,77.66,1.67,26.53
2025-04-22,Newcastle,Paradip,Panamax,1836,654.87,77.89,0.83,25.84
2025-04-23,Newcastle,Paradip,Panamax,1832,642.23,77.38,1.62,25.77
2025-04-24,Newcastle,Paradip,Panamax,1881,642.02,81.67,0.96,26.03
2025-04-25,Newcastle,Paradip,Panamax,1830,635.45,77.78,1.19,26.16
2025-04-26,Newcastle,Paradip,Panamax,1888,637.94,78.44,1.06,26.07
2025-04-27,Newcastle,Paradip,Panamax,1909,643.55,81.69,0.92,26.72
2025-04-28,Newcastle,Paradip,Panamax,1900,651.02,79.74,1.66,26.75
2025-04-29,Newcastle,Paradip,Panamax,1920,644.54,81.69,1.2,26.92
2025-04-30,Newcastle,Paradip,Panamax,1801,639.01,78.17,0.92,26.21
2025-05-01,Newcastle,Paradip,Panamax,1877,651.58,79.59,1.6,26.11
2025-05-02,Newcastle,Paradip,Panamax,1882,641.26,79.84,1.2,26.06
2025-05-03,Newcastle,Paradip,Panamax,1840,637.02,75.67,0.95,25.96
2025-05-04,Newcastle,Paradip,Panamax,1824,652.01,76.1,0.96,25.89
2025-05-05,Newcastle,Paradip,Panamax,1862,643.81,80.34,1.43,26.31
2025-05-06,Newcastle,Paradip,Panamax,1879,640.23,78.32,0.87,26.07
2025-05-07,Newcastle,Paradip,Panamax,1868,629.54,80.18,1.01,25.82
2025-05-08,Newcastle,Paradip,Panamax,1810,637.49,80.11,0.99,25.51
2025-05-09,Newcastle,Paradip,Panamax,1891,634.77,79.01,1.36,26.34
2025-05-10,Newcastle,Paradip,Panamax,1829,630.05,76.15,1.52,25.51
2025-05-11,Newcastle,Paradip,Panamax,1785,638.5,78.26,1.04,25.41
2025-05-12,Newcastle,Paradip,Panamax,1875,636.67,76.26,1.18,26.3
2025-05-13,Newcastle,Paradip,Panamax,1808,637.66,76.62,1.53,25.61
2025-05-14,Newcastle,Paradip,Panamax,1832,620.78,78.6,1.01,26.18
2025-05-15,Newcastle,Paradip,Panamax,1803,635.74,75.59,1.03,26.03
2025-05-16,Newcastle,Paradip,Panamax,1782,633.23,75.72,1.19,25.27
2025-05-17,Newcastle,Paradip,Panamax,1775,641.67,73.78,0.9,25.6
2025-05-18,Newcastle,Paradip,Panamax,1796,623.49,78.32,1.68,25.8
2025-05-19,Newcastle,Paradip,Panamax,1758,617.6,78.68,1.76,25.55
2025-05-20,Newcastle,Paradip,Panamax,1855,626.96,76.67,1.6,25.68
2025-05-21,Newcastle,Paradip,Panamax,1860,611.18,72.94,0.9,25.65
2025-05-22,Newcastle,Paradip,Panamax,1769,608.34,75.22,1.08,24.91
2025-05-23,Newcastle,Paradip,Panamax,1844,618.65,76.91,1.55,25.75
2025-05-24,Newcastle,Paradip,Panamax,1787,630.36,75.5,0.82,25.6
2025-05-25,Newcastle,Paradip,Panamax,1797,605.63,74.37,1.1,25.63
2025-05-26,Newcastle,Paradip,Panamax,1838,617.79,76.39,1.64,26.19
2025-05-27,Newcastle,Paradip,Panamax,1816,606.77,75.23,1.04,25.59
2025-05-28,Newcastle,Paradip,Panamax,1731,614.05,74.44,1.44,24.77
2025-05-29,Newcastle,Paradip,Panamax,1795,615.34,74.17,1.02,25.55
2025-05-30,Newcastle,Paradip,Panamax,1778,620.43,75.23,1.09,25.76
2025-05-31,Newcastle,Paradip,Panamax,1828,607.14,75.48,1.5,25.23
2025-06-01,Newcastle,Paradip,Panamax,1761,625.06,71.76,2.5,25.34
2025-06-02,Newcastle,Paradip,Panamax,1798,605.36,73.49,3.46,25.7
2025-06-03,Newcastle,Paradip,Panamax,1721,622.46,74.22,4.0,24.84
2025-06-04,Newcastle,Paradip,Panamax,1745,601.62,71.49,3.42,24.95
2025-06-05,Newcastle,Paradip,Panamax,1732,609.42,72.21,2.79,25.13
2025-06-06,Newcastle,Paradip,Panamax,1722,601.72,69.63,4.08,24.94
2025-06-07,Newcastle,Paradip,Panamax,1780,601.8,73.76,2.51,25.28
2025-06-08,Newcastle,Paradip,Panamax,1797,606.65,73.09,3.97,25.62
2025-06-09,Newcastle,Paradip,Panamax,1806,588.65,74.22,3.19,25.19
2025-06-10,Newcastle,Paradip,Panamax,1744,594.85,69.51,3.91,24.65
2025-06-11,Newcastle,Paradip,Panamax,1765,606.21,73.28,3.67,25.55
2025-06-12,Newcastle,Paradip,Panamax,1770,589.16,69.34,3.17,25.4
2025-06-13,Newcastle,Paradip,Panamax,1780,606.81,73.69,2.94,25.28
2025-06-14,Newcastle,Paradip,Panamax,1722,601.66,73.57,3.36,24.99
2025-06-15,Newcastle,Paradip,Panamax,1729,579.11,73.35,3.71,24.82
2025-06-16,Newcastle,Paradip,Panamax,1788,592.62,70.58,3.42,25.59
2025-06-17,Newcastle,Paradip,Panamax,1727,587.01,68.71,3.57,24.97
2025-06-18,Newcastle,Paradip,Panamax,1711,591.63,70.77,4.04,24.98
2025-06-19,Newcastle,Paradip,Panamax,1672,598.89,67.16,3.79,24.37
2025-06-20,Newcastle,Paradip,Panamax,1693,587.0,70.62,4.19,24.54
2025-06-21,Newcastle,Paradip,Panamax,1776,582.35,69.95,3.9,25.04
2025-06-22,Newcastle,Paradip,Panamax,1701,598.23,70.06,3.53,25.04
2025-06-23,Newcastle,Paradip,Panamax,1691,572.7,69.1,3.35,24.16
2025-06-24,Newcastle,Paradip,Panamax,1712,579.01,66.34,4.12,24.49
2025-06-25,Newcastle,Paradip,Panamax,1738,573.5,69.37,3.76,24.94
2025-06-26,Newcastle,Paradip,Panamax,1730,572.83,70.21,2.7,24.43
2025-06-27,Newcastle,Paradip,Panamax,1713,583.46,66.48,2.7,24.62
2025-06-28,Newcastle,Paradip,Panamax,1648,565.88,69.26,3.5,24.31
2025-06-29,Newcastle,Paradip,Panamax,1665,588.72,65.68,3.28,24.03
2025-06-30,Newcastle,Paradip,Panamax,1669,590.77,67.52,3.01,24.66
2025-07-01,Newcastle,Paradip,Panamax,1735,579.3,66.26,3.49,24.86
2025-07-02,Newcastle,Paradip,Panamax,1707,570.71,68.36,2.75,24.7
2025-07-03,Newcastle,Paradip,Panamax,1652,562.62,68.89,3.67,24.07
2025-07-04,Newcastle,Paradip,Panamax,1666,572.68,69.98,2.92,24.53
2025-07-05,Newcastle,Paradip,Panamax,1731,581.75,69.21,2.62,24.48
2025-07-06,Newcastle,Paradip,Panamax,1683,558.06,69.34,2.69,24.24
2025-07-07,Newcastle,Paradip,Panamax,1686,574.27,65.7,3.5,24.69
2025-07-08,Newcastle,Paradip,Panamax,1636,561.15,69.52,2.81,23.98
2025-07-09,Newcastle,Paradip,Panamax,1653,568.39,65.55,2.7,23.99
2025-07-10,Newcastle,Paradip,Panamax,1715,551.34,65.95,2.92,24.14
2025-07-11,Newcastle,Paradip,Panamax,1665,572.82,68.87,3.35,24.56
2025-07-12,Newcastle,Paradip,Panamax,1712,566.61,65.22,3.44,24.59
2025-07-13,Newcastle,Paradip,Panamax,1647,565.59,66.58,3.22,24.22
2025-07-14,Newcastle,Paradip,Panamax,1701,565.37,63.45,3.01,24.05
2025-07-15,Newcastle,Paradip,Panamax,1698,554.51,64.81,2.72,24.01
2025-07-16,Newcastle,Paradip,Panamax,1666,567.15,65.47,3.88,24.53
2025-07-17,Newcastle,Paradip,Panamax,1594,562.81,67.8,3.06,23.61
2025-07-18,Newcastle,Paradip,Panamax,1619,555.73,66.96,3.55,23.75
2025-07-19,Newcastle,Paradip,Panamax,1657,542.04,65.51,4.11,23.44
2025-07-20,Newcastle,Paradip,Panamax,1614,567.41,67.15,2.95,23.64
2025-07-21,Newcastle,Paradip,Panamax,1693,545.62,63.61,3.71,23.9
2025-07-22,Newcastle,Paradip,Panamax,1665,556.69,65.7,2.92,24.37
2025-07-23,Newcastle,Paradip,Panamax,1680,550.58,62.65,3.8,24.28
2025-07-24,Newcastle,Paradip,Panamax,1640,567.18,62.35,4.06,24.05
2025-07-25,Newcastle,Paradip,Panamax,1683,539.36,64.02,3.03,23.59
2025-07-26,Newcastle,Paradip,Panamax,1599,543.72,62.75,2.61,23.79
2025-07-27,Newcastle,Paradip,Panamax,1664,553.11,65.63,2.55,23.63
2025-07-28,Newcastle,Paradip,Panamax,1653,563.43,63.81,3.93,24.33
2025-07-29,Newcastle,Paradip,Panamax,1670,537.11,65.47,3.82,23.68
2025-07-30,Newcastle,Paradip,Panamax,1677,546.5,65.49,2.96,24.27
2025-07-31,Newcastle,Paradip,Panamax,1681,534.92,64.28,2.56,23.52
2025-08-01,Newcastle,Paradip,Panamax,1611,554.13,65.46,3.94,23.66
2025-08-02,Newcastle,Paradip,Panamax,1619,530.72,62.75,3.72,23.57
2025-08-03,Newcastle,Paradip,Panamax,1615,556.41,60.41,2.56,23.38
2025-08-04,Newcastle,Paradip,Panamax,1616,548.41,65.52,4.05,23.97
2025-08-05,Newcastle,Paradip,Panamax,1642,537.38,62.18,2.81,23.43
2025-08-06,Newcastle,Paradip,Panamax,1593,546.8,64.98,3.48,23.33
2025-08-07,Newcastle,Paradip,Panamax,1655,552.47,61.54,2.89,24.3
2025-08-08,Newcastle,Paradip,Panamax,1566,542.56,60.64,3.03,23.45
2025-08-09,Newcastle,Paradip,Panamax,1641,550.63,62.89,3.0,23.7
2025-08-10,Newcastle,Paradip,Panamax,1563,530.82,60.42,2.89,23.33
2025-08-11,Newcastle,Paradip,Panamax,1592,531.6,64.63,3.1,23.57
2025-08-12,Newcastle,Paradip,Panamax,1645,533.02,62.09,3.28,23.77
2025-08-13,Newcastle,Paradip,Panamax,1639,537.95,64.63,3.51,23.69
2025-08-14,Newcastle,Paradip,Panamax,1610,542.79,60.21,3.61,23.56
2025-08-15,Newcastle,Paradip,Panamax,1559,543.45,62.65,3.49,23.25
2025-08-16,Newcastle,Paradip,Panamax,1596,535.56,60.12,3.73,23.21
2025-08-17,Newcastle,Paradip,Panamax,1631,548.89,59.91,3.32,23.69
2025-08-18,Newcastle,Paradip,Panamax,1649,535.35,60.99,3.18,23.93
2025-08-19,Newcastle,Paradip,Panamax,1560,536.35,60.58,3.55,23.24
2025-08-20,Newcastle,Paradip,Panamax,1623,547.84,58.96,3.1,23.64
2025-08-21,Newcastle,Paradip,Panamax,1549,522.64,61.03,3.18,23.04
2025-08-22,Newcastle,Paradip,Panamax,1632,546.86,60.27,2.64,23.86
2025-08-23,Newcastle,Paradip,Panamax,1645,548.49,64.27,3.24,23.73
2025-08-24,Newcastle,Paradip,Panamax,1555,535.3,61.38,3.0,23.26
2025-08-25,Newcastle,Paradip,Panamax,1623,543.35,62.38,2.86,23.42
2025-08-26,Newcastle,Paradip,Panamax,1593,540.09,62.23,3.82,23.56
2025-08-27,Newcastle,Paradip,Panamax,1587,543.99,59.55,3.9,23.35
2025-08-28,Newcastle,Paradip,Panamax,1590,526.4,59.6,2.84,22.93
2025-08-29,Newcastle,Paradip,Panamax,1650,526.35,63.19,3.23,23.97
2025-08-30,Newcastle,Paradip,Panamax,1599,532.74,62.92,2.57,23.6
2025-08-31,Newcastle,Paradip,Panamax,1594,534.87,63.13,3.33,23.13
2025-09-01,Newcastle,Paradip,Panamax,1624,532.24,61.85,2.88,23.64
2025-09-02,Newcastle,Paradip,Panamax,1596,547.48,61.81,3.78,23.6
2025-09-03,Newcastle,Paradip,Panamax,1630,542.92,58.83,2.73,23.7
2025-09-04,Newcastle,Paradip,Panamax,1609,522.67,59.59,3.07,23.48
2025-09-05,Newcastle,Paradip,Panamax,1638,535.54,59.25,4.15,23.4
2025-09-06,Newcastle,Paradip,Panamax,1628,527.04,61.81,3.26,23.35
2025-09-07,Newcastle,Paradip,Panamax,1540,528.92,63.07,3.2,23.32
2025-09-08,Newcastle,Paradip,Panamax,1583,537.54,61.38,3.32,23.34
2025-09-09,Newcastle,Paradip,Panamax,1589,522.59,59.5,2.84,23.42
2025-09-10,Newcastle,Paradip,Panamax,1557,535.89,60.08,2.85,23.34
2025-09-11,Newcastle,Paradip,Panamax,1653,519.07,59.1,2.75,23.77
2025-09-12,Newcastle,Paradip,Panamax,1565,523.23,61.48,3.32,22.78
2025-09-13,Newcastle,Paradip,Panamax,1582,549.1,63.7,4.11,23.61
2025-09-14,Newcastle,Paradip,Panamax,1595,545.95,59.75,3.88,23.31
2025-09-15,Newcastle,Paradip,Panamax,1623,525.47,59.71,3.98,23.02
2025-09-16,Newcastle,Paradip,Panamax,1571,525.27,59.64,2.65,22.89
2025-09-17,Newcastle,Paradip,Panamax,1621,533.67,63.43,2.67,23.56
2025-09-18,Newcastle,Paradip,Panamax,1608,548.47,60.32,3.44,23.93
2025-09-19,Newcastle,Paradip,Panamax,1592,523.85,58.67,2.98,23.07
2025-09-20,Newcastle,Paradip,Panamax,1624,543.08,59.88,2.91,23.35
2025-09-21,Newcastle,Paradip,Panamax,1601,545.97,59.65,2.57,23.7
2025-09-22,Newcastle,Paradip,Panamax,1559,533.88,62.48,2.67,23.26
2025-09-23,Newcastle,Paradip,Panamax,1662,528.42,62.29,3.57,23.77
2025-09-24,Newcastle,Paradip,Panamax,1589,539.44,62.11,4.07,23.14
2025-09-25,Newcastle,Paradip,Panamax,1627,544.26,63.7,2.76,23.34
2025-09-26,Newcastle,Paradip,Panamax,1621,544.1,63.0,3.94,23.31
2025-09-27,Newcastle,Paradip,Panamax,1648,538.66,62.36,2.86,23.87
2025-09-28,Newcastle,Paradip,Panamax,1659,525.7,61.97,3.2,23.4
2025-09-29,Newcastle,Paradip,Panamax,1586,551.83,61.57,3.63,23.39
2025-09-30,Newcastle,Paradip,Panamax,1651,526.52,63.21,2.55,23.56
2025-10-01,Newcastle,Paradip,Panamax,1570,531.78,59.9,0.84,22.92
2025-10-02,Newcastle,Paradip,Panamax,1667,542.56,61.15,1.36,24.14
2025-10-03,Newcastle,Paradip,Panamax,1625,548.82,59.42,1.3,24.03
2025-10-04,Newcastle,Paradip,Panamax,1589,544.45,62.1,1.09,23.54
2025-10-05,Newcastle,Paradip,Panamax,1641,529.36,61.92,0.97,23.92
2025-10-06,Newcastle,Paradip,Panamax,1567,557.2,60.39,1.76,23.82
2025-10-07,Newcastle,Paradip,Panamax,1628,530.42,62.38,0.84,23.2
2025-10-08,Newcastle,Paradip,Panamax,1620,547.79,65.7,1.1,23.27
2025-10-09,Newcastle,Paradip,Panamax,1671,550.26,62.53,1.59,24.29
2025-10-10,Newcastle,Paradip,Panamax,1690,543.52,63.15,0.9,24.0
2025-10-11,Newcastle,Paradip,Panamax,1667,546.16,62.24,1.13,23.59
2025-10-12,Newcastle,Paradip,Panamax,1674,544.95,64.83,1.13,23.81
2025-10-13,Newcastle,Paradip,Panamax,1621,544.65,60.88,1.24,23.38
2025-10-14,Newcastle,Paradip,Panamax,1640,552.23,62.22,1.52,24.06
2025-10-15,Newcastle,Paradip,Panamax,1621,550.26,60.97,1.71,23.97
2025-10-16,Newcastle,Paradip,Panamax,1646,554.37,62.1,1.11,24.08
2025-10-17,Newcastle,Paradip,Panamax,1658,542.85,62.0,1.41,23.74
2025-10-18,Newcastle,Paradip,Panamax,1608,538.76,65.22,0.96,23.2
2025-10-19,Newcastle,Paradip,Panamax,1706,551.93,66.69,1.59,24.58
2025-10-20,Newcastle,Paradip,Panamax,1655,545.65,64.99,1.49,23.82
2025-10-21,Newcastle,Paradip,Panamax,1624,546.62,64.64,0.96,23.76
2025-10-22,Newcastle,Paradip,Panamax,1693,559.84,66.52,1.5,23.89
2025-10-23,Newcastle,Paradip,Panamax,1670,550.41,64.3,1.0,23.77
2025-10-24,Newcastle,Paradip,Panamax,1679,567.98,63.38,1.41,24.64
2025-10-25,Newcastle,Paradip,Panamax,1699,568.96,64.62,1.77,24.7
2025-10-26,Newcastle,Paradip,Panamax,1693,555.22,64.53,1.54,24.2
2025-10-27,Newcastle,Paradip,Panamax,1708,571.43,63.58,1.27,24.64
2025-10-28,Newcastle,Paradip,Panamax,1719,555.67,64.34,1.62,24.31
2025-10-29,Newcastle,Paradip,Panamax,1687,574.69,63.3,1.74,24.54
2025-10-30,Newcastle,Paradip,Panamax,1741,572.03,64.32,1.28,24.76
2025-10-31,Newcastle,Paradip,Panamax,1717,556.16,63.6,1.12,24.56
2025-11-01,Newcastle,Paradip,Panamax,1718,566.91,63.96,1.26,24.14
2025-11-02,Newcastle,Paradip,Panamax,1711,570.22,65.86,1.29,24.33
2025-11-03,Newcastle,Paradip,Panamax,1689,563.82,68.25,1.55,24.3
2025-11-04,Newcastle,Paradip,Panamax,1706,565.92,67.72,0.97,24.16
2025-11-05,Newcastle,Paradip,Panamax,1643,580.13,65.14,1.02,23.81
2025-11-06,Newcastle,Paradip,Panamax,1691,578.42,66.56,1.56,24.7
2025-11-07,Newcastle,Paradip,Panamax,1673,561.27,69.12,1.27,23.83
2025-11-08,Newcastle,Paradip,Panamax,1655,577.53,65.43,1.1,24.24
2025-11-09,Newcastle,Paradip,Panamax,1676,577.93,69.31,1.18,24.27
2025-11-10,Newcastle,Paradip,Panamax,1712,577.39,66.55,1.31,24.44
2025-11-11,Newcastle,Paradip,Panamax,1678,588.11,65.98,1.59,24.44
2025-11-12,Newcastle,Paradip,Panamax,1718,566.96,69.76,0.94,24.27
2025-11-13,Newcastle,Paradip,Panamax,1709,574.57,67.17,1.54,24.79
2025-11-14,Newcastle,Paradip,Panamax,1726,576.21,68.8,1.55,24.55
2025-11-15,Newcastle,Paradip,Panamax,1717,592.19,65.21,1.22,24.82
2025-11-16,Newcastle,Paradip,Panamax,1697,578.05,67.85,1.08,24.24
2025-11-17,Newcastle,Paradip,Panamax,1734,574.96,70.01,1.71,24.46
2025-11-18,Newcastle,Paradip,Panamax,1735,573.53,68.44,1.67,24.46
2025-11-19,Newcastle,Paradip,Panamax,1703,580.4,67.98,1.57,24.78
2025-11-20,Newcastle,Paradip,Panamax,1744,602.56,70.22,1.2,24.71
2025-11-21,Newcastle,Paradip,Panamax,1726,599.81,68.41,1.51,25.1
2025-11-22,Newcastle,Paradip,Panamax,1713,597.76,67.15,1.58,24.88
2025-11-23,Newcastle,Paradip,Panamax,1769,580.85,71.97,1.28,24.94
2025-11-24,Newcastle,Paradip,Panamax,1777,587.67,71.52,1.62,24.93
2025-11-25,Newcastle,Paradip,Panamax,1806,604.07,71.25,1.19,25.65
2025-11-26,Newcastle,Paradip,Panamax,1773,604.59,71.21,1.67,25.34
2025-11-27,Newcastle,Paradip,Panamax,1745,611.06,68.59,1.37,24.97
2025-11-28,Newcastle,Paradip,Panamax,1746,596.76,68.28,1.45,24.67
2025-11-29,Newcastle,Paradip,Panamax,1800,598.45,71.55,1.28,25.31
2025-11-30,Newcastle,Paradip,Panamax,1787,605.87,72.11,1.37,25.3
2025-12-01,Newcastle,Paradip,Panamax,1834,592.9,69.21,1.24,25.87
2025-12-02,Newcastle,Paradip,Panamax,1732,591.52,71.43,1.24,24.81
2025-12-03,Newcastle,Paradip,Panamax,1737,600.32,71.69,1.03,24.99
2025-12-04,Newcastle,Paradip,Panamax,1768,604.03,71.33,1.75,25.06
2025-12-05,Newcastle,Paradip,Panamax,1796,622.18,71.17,1.47,25.43
2025-12-06,Newcastle,Paradip,Panamax,1789,604.73,74.19,0.9,25.56
2025-12-07,Newcastle,Paradip,Panamax,1853,622.86,72.92,1.13,26.29
2025-12-08,Newcastle,Paradip,Panamax,1829,600.94,72.15,1.24,25.53
2025-12-09,Newcastle,Paradip,Panamax,1802,611.67,75.55,1.75,25.34
2025-12-10,Newcastle,Paradip,Panamax,1756,603.78,70.83,1.73,25.1
2025-12-11,Newcastle,Paradip,Panamax,1842,618.16,73.08,1.54,26.01
2025-12-12,Newcastle,Paradip,Panamax,1835,604.72,74.95,1.78,25.31
2025-12-13,Newcastle,Paradip,Panamax,1823,618.26,71.81,1.6,25.53
2025-12-14,Newcastle,Paradip,Panamax,1836,619.96,74.51,0.89,25.68
2025-12-15,Newcastle,Paradip,Panamax,1773,625.8,71.97,1.56,25.31
2025-12-16,Newcastle,Paradip,Panamax,1792,626.85,75.09,1.59,25.87
2025-12-17,Newcastle,Paradip,Panamax,1839,617.67,76.32,1.19,25.82
2025-12-18,Newcastle,Paradip,Panamax,1787,620.7,76.44,1.63,25.69
2025-12-19,Newcastle,Paradip,Panamax,1813,626.5,77.18,1.6,25.82
2025-12-20,Newcastle,Paradip,Panamax,1899,616.02,71.78,1.61,26.35
2025-12-21,Newcastle,Paradip,Panamax,1802,642.01,74.48,0.82,26.06
2025-12-22,Newcastle,Paradip,Panamax,1899,627.73,74.51,1.29,25.91
2025-12-23,Newcastle,Paradip,Panamax,1847,637.3,74.73,1.46,25.98
2025-12-24,Newcastle,Paradip,Panamax,1878,622.68,75.15,1.03,25.95
2025-12-25,Newcastle,Paradip,Panamax,1837,646.09,76.75,0.81,25.81
2025-12-26,Newcastle,Paradip,Panamax,1925,642.69,77.16,1.43,26.7
2025-12-27,Newcastle,Paradip,Panamax,1839,645.23,76.93,1.54,25.93
2025-12-28,Newcastle,Paradip,Panamax,1849,638.89,75.05,0.89,26.4
2025-12-29,Newcastle,Paradip,Panamax,1932,642.22,77.97,1.04,26.89
2025-12-30,Newcastle,Paradip,Panamax,1901,646.57,73.45,1.23,26.91
2025-12-31,Newcastle,Paradip,Panamax,1904,637.04,75.02,1.36,26.44
2026-01-01,Newcastle,Paradip,Panamax,1833,645.18,77.81,0.99,25.86
2026-01-02,Newcastle,Paradip,Panamax,1873,634.92,79.42,0.9,26.57
2026-01-03,Newcastle,Paradip,Panamax,1930,635.83,78.28,1.45,26.19
2026-01-04,Newcastle,Paradip,Panamax,1902,656.13,74.72,1.65,26.38
2026-01-05,Newcastle,Paradip,Panamax,1942,632.57,80.24,1.41,26.36
2026-01-06,Newcastle,Paradip,Panamax,1843,645.73,76.04,0.91,25.92
2026-01-07,Newcastle,Paradip,Panamax,1907,652.13,79.26,0.89,26.74
2026-01-08,Newcastle,Paradip,Panamax,1850,644.23,77.25,1.02,25.86
2026-01-09,Newcastle,Paradip,Panamax,1915,659.96,78.23,0.99,26.93
2026-01-10,Newcastle,Paradip,Panamax,1916,654.54,80.25,1.35,26.76
2026-01-11,Newcastle,Paradip,Panamax,1895,667.63,77.4,1.47,26.4
2026-01-12,Newcastle,Paradip,Panamax,1901,662.65,81.46,1.6,26.84
2026-01-13,Newcastle,Paradip,Panamax,1907,649.36,76.25,1.09,26.54
2026-01-14,Newcastle,Paradip,Panamax,1895,672.16,81.57,1.07,26.47
